Batsman,Innings,TotalRuns,StrikeRate,AverageRuns,Fours,Sixes,NotOut,BallsFaced,Role
ST Jayasuriya,30,768,134.03141361256544,26.482758620689655,84,39,544,573,opener
SR Tendulkar,78,2334,114.18786692759295,32.87323943661972,296,29,1973,2044,middle
AM Nayar,50,672,114.28571428571428,17.23076923076923,55,20,549,588,middle
RV Uthappa,197,4954,126.15227909345556,26.92391304347826,481,182,3743,3927,middle
DR Smith,88,2385,132.27953410981698,29.444444444444443,245,117,1722,1803,middle
SM Pollock,8,147,126.72413793103448,18.375,12,8,108,116,middle
MK Pandey,161,3951,117.7645305514158,29.266666666666666,340,116,3220,3355,middle
YV Takawale,10,192,104.91803278688525,24.0,26,3,175,183,opener
RR Raje,5,20,111.11111111111111,20.0,1,1,17,18,lower
Kamran Akmal,6,128,164.1025641025641,32.0,13,8,74,78,middle
SA Asnodkar,19,423,120.17045454545455,22.263157894736842,56,10,333,352,opener
YK Pathan,153,3222,138.04627249357327,29.027027027027028,263,161,2223,2334,middle
SR Watson,141,3880,134.1632088520055,30.793650793650794,377,190,2766,2892,middle
M Kaif,22,259,100.3875968992248,16.1875,22,6,242,258,middle
NK Patel,6,121,97.58064516129032,24.2,14,1,119,124,lower
RA Jadeja,194,3260,125.04794783275797,26.504065040650406,240,117,2484,2607,middle
G Gambhir,151,4217,119.66515323496027,31.237037037037037,492,59,3389,3524,middle
V Sehwag,104,2728,148.82705946535734,27.836734693877553,334,106,1735,1833,opener
S Dhawan,221,6769,123.45431333211745,34.891752577319586,768,153,5289,5483,middle
Shoaib Malik,5,52,106.12244897959184,13.0,5,0,45,49,lower
MK Tiwary,83,1695,113.83478844862324,27.78688524590164,156,40,1428,1489,middle
KD Karthik,233,4843,131.35340385136968,25.624338624338623,466,161,3498,3687,middle
R Bhatia,47,342,117.9310344827586,11.793103448275861,24,13,261,290,middle
MF Maharoof,14,177,142.74193548387098,17.7,12,9,114,124,middle
VY Mahesh,5,15,53.57142857142857,7.5,0,0,26,28,lower
K Goel,16,218,91.21338912133892,15.571428571428571,17,9,225,239,lower
SM Katich,11,241,126.17801047120419,24.1,26,8,181,191,middle
KC Sangakkara,68,1687,118.4691011235955,24.44927536231884,195,27,1355,1424,middle
DPMD Jayawardene,78,1808,118.7910643889619,28.25,200,40,1458,1522,middle
Yuvraj Singh,126,2754,124.78477571363842,25.26605504587156,218,149,2098,2207,middle
TM Srivastava,3,8,72.72727272727273,8.0,0,0,10,11,lower
IK Pathan,82,1150,116.75126903553299,21.69811320754717,88,38,932,985,middle
B Lee,19,124,121.56862745098039,12.4,8,8,92,102,middle
V Kohli,259,8671,129.37928976424948,37.53679653679654,774,292,6471,6702,middle
D Padikkal,74,1806,120.72192513368985,25.083333333333332,192,56,1424,1496,middle
KS Bharat,8,199,118.45238095238095,28.428571428571427,12,8,161,168,middle
GJ Maxwell,134,2820,148.73417721518987,24.102564102564102,238,161,1779,1896,middle
AB de Villiers,170,5181,148.58044164037855,41.448,414,253,3362,3487,middle
Shahbaz Ahmed,38,545,114.73684210526316,18.166666666666668,29,25,445,475,middle
DT Christian,41,460,112.74509803921569,16.428571428571427,23,19,380,408,middle
KA Jamieson,9,65,108.33333333333333,21.666666666666668,5,3,57,60,middle
RG Sharma,266,7048,128.73059360730593,28.650406504065042,640,303,5229,5475,middle
Q de Kock,115,3312,130.754046585077,30.666666666666668,325,134,2425,2533,middle
Ishan Kishan,112,2998,134.01877514528385,29.683168316831683,288,134,2136,2237,middle
SA Yadav,151,4311,145.59270516717325,35.048780487804876,454,168,2838,2961,middle
KH Pandya,114,1756,127.61627906976744,21.95,153,65,1296,1376,middle
KA Pollard,168,3437,140.45770331017573,26.643410852713178,221,224,2318,2447,middle
HH Pandya,140,2758,140.57084607543325,27.858585858585858,207,150,1863,1962,middle
RD Chahar,22,129,101.5748031496063,8.0625,13,5,111,127,middle
JJ Bumrah,27,68,83.9506172839506,8.5,5,1,73,81,lower
TA Boult,24,85,98.83720930232558,10.625,5,3,78,86,lower
AF Milne,6,23,74.19354838709677,4.6,0,1,26,31,lower
PP Chawla,86,624,107.58620689655172,10.947368421052632,56,20,523,580,middle
AD Russell,114,2655,163.28413284132841,28.858695652173914,187,223,1534,1626,middle
J Botha,28,409,112.36263736263736,18.59090909090909,39,5,342,364,middle
SS Iyer,131,3735,128.57142857142858,32.76315789473684,315,152,2791,2905,middle
JP Duminy,75,2029,120.77380952380952,41.40816326530612,126,79,1631,1680,middle
KM Jadhav,81,1208,119.36758893280633,22.37037037037037,102,40,958,1012,middle
AD Mathews,41,724,120.86811352253757,23.35483870967742,44,29,568,599,middle
SS Tiwary,73,1494,115.72424477149497,29.88,111,50,1241,1291,middle
JA Morkel,67,975,136.93820224719101,24.375,61,55,672,712,middle
RD Gaikwad,70,2502,134.29951690821255,41.01639344262295,231,95,1802,1863,middle
AT Rayudu,185,4348,124.58452722063038,28.605263157894736,359,173,3338,3490,middle
F du Plessis,147,4773,132.39944521497918,35.355555555555554,440,174,3470,3605,middle
N Jagadeesan,10,162,104.51612903225806,18.0,21,2,146,155,middle
MS Dhoni,241,5439,132.626188734455,34.424050632911396,375,264,3943,4101,middle
SM Curran,53,997,131.011826544021,24.317073170731707,85,41,720,761,middle
DL Chahar,16,117,136.04651162790697,14.625,5,8,78,86,middle
SN Thakur,40,325,133.7448559670782,12.5,30,13,217,243,middle
Imran Tahir,8,33,89.1891891891892,8.25,5,0,33,37,lower
AJ Finch,90,2092,123.34905660377358,24.904761904761905,214,78,1612,1696,middle
KL Rahul,135,5235,132.63237902204204,45.52173913043478,453,208,3832,3947,middle
DA Warner,184,6567,135.4299855640338,40.042682926829265,663,236,4685,4849,middle
DJG Sammy,20,295,117.52988047808766,19.666666666666668,15,18,236,251,middle
NV Ojha,94,1554,114.26470588235293,21.0,121,79,1286,1360,middle
KV Sharma,40,352,114.65798045602607,14.08,20,17,282,307,middle
CH Gayle,141,4997,142.1217292377702,39.0390625,408,359,3388,3516,middle
PA Patel,136,2848,116.62571662571663,22.4251968503937,365,49,2315,2442,opener
RR Rossouw,22,473,147.35202492211837,22.523809523809526,45,25,300,321,middle
MA Starc,21,111,92.5,11.1,11,0,110,120,lower
HV Patel,41,270,112.03319502074689,9.642857142857142,16,15,213,241,middle
MP Stoinis,99,2026,139.0528483184626,27.753424657534246,158,106,1384,1457,middle
MM Ali,59,1167,134.91329479768785,22.88235294117647,95,67,814,865,middle
CA Lynn,42,1329,136.4476386036961,34.07692307692308,132,66,935,974,middle
SP Narine,118,1780,155.5944055944056,18.736842105263158,189,116,1049,1144,middle
N Rana,112,2853,132.32838589981446,27.432692307692307,261,141,2052,2156,middle
Shubman Gill,114,3866,134.84478549005928,39.44897959183673,372,119,2769,2867,middle
KP Pietersen,36,1001,132.05804749340368,34.51724137931034,91,40,729,758,middle
LRPL Taylor,54,1017,120.07083825265643,24.804878048780488,66,46,806,847,middle
Y Nagar,20,285,105.1660516605166,19.0,20,9,256,271,middle
AC Blizzard,7,120,131.86813186813185,17.142857142857142,21,2,84,91,middle
Harbhajan Singh,88,833,130.9748427672956,14.875,79,42,580,636,middle
RJ Peterson,5,32,100.0,10.666666666666666,3,1,29,32,lower
SL Malinga,20,88,85.43689320388349,7.333333333333333,6,5,91,103,lower
RP Singh,28,52,66.66666666666666,3.466666666666667,2,1,63,78,lower
P Simran Singh,52,1355,149.88938053097345,26.057692307692307,141,71,852,904,opener
Atharva Taide,10,260,138.29787234042556,28.88888888888889,30,8,179,188,opener
LS Livingstone,47,1051,150.3576537911302,26.275,70,75,659,699,middle
JM Sharma,47,991,151.0670731707317,25.41025641025641,77,62,617,656,middle
M Shahrukh Khan,48,732,141.58607350096713,23.612903225806452,46,50,486,517,middle
YBK Jaiswal,66,2166,148.96836313617607,34.935483870967744,259,92,1392,1454,opener
JC Buttler,119,4121,144.29271708683473,38.87735849056604,408,185,2750,2856,middle
SV Samson,171,4704,135.36690647482015,31.1523178807947,379,219,3324,3475,middle
SO Hetmyer,78,1488,143.62934362934362,28.07547169811321,94,93,983,1036,middle
R Parag,72,1570,135.81314878892735,26.166666666666668,112,87,1096,1156,middle
Dhruv Jurel,35,680,149.12280701754386,30.90909090909091,51,38,434,456,middle
MA Agarwal,125,2764,128.7977632805219,23.22689075630252,275,100,2027,2146,middle
N Pooran,86,2293,160.0139567341242,34.223880597014926,158,167,1366,1433,middle
KK Nair,76,1694,128.9193302891933,23.52777777777778,185,49,1242,1314,middle
JR Philippe,5,78,97.5,19.5,9,1,76,80,lower
Washington Sundar,43,511,119.9530516431925,15.96875,42,16,394,426,middle
S Dube,75,1859,136.09077598828696,30.475409836065573,108,122,1305,1366,middle
UT Yadav,48,208,98.5781990521327,9.904761904761905,16,9,190,211,lower
Navdeep Saini,7,33,86.8421052631579,8.25,3,0,34,38,lower
DW Steyn,33,167,102.45398773006136,7.590909090909091,14,3,141,163,middle
YS Chahal,17,37,41.57303370786517,6.166666666666667,0,0,83,89,lower
PBB Rajapaksa,13,277,137.81094527363186,23.083333333333332,22,15,189,201,middle
RA Bawa,3,19,105.55555555555556,9.5,1,0,16,18,lower
Harpreet Brar,26,244,114.01869158878503,18.76923076923077,19,10,201,214,middle
OF Smith,6,51,102.0,17.0,1,5,47,50,middle
K Rabada,30,215,99.53703703703704,11.944444444444445,16,9,198,216,lower
Arshdeep Singh,13,31,64.58333333333334,5.166666666666667,4,0,42,48,lower
AM Rahane,183,5032,121.75175417372368,30.131736526946106,515,123,3966,4133,middle
VR Iyer,56,1468,132.61065943992773,29.36,136,65,1057,1107,middle
SW Billings,27,503,126.06516290726817,19.346153846153847,40,20,373,399,middle
R Dravid,82,2174,113.34723670490095,28.233766233766232,269,28,1841,1918,middle
STR Binny,66,880,125.71428571428571,20.0,66,35,656,700,middle
BJ Hodge,63,1400,121.42237640936686,30.434782608695652,122,43,1107,1153,middle
KK Cooper,12,116,165.71428571428572,12.88888888888889,9,8,61,70,middle
DH Yagnik,17,170,119.71830985915493,18.88888888888889,23,2,133,142,middle
S Sreesanth,12,34,59.64912280701754,11.333333333333334,6,0,54,57,lower
MS Bisla,39,798,108.27679782903662,21.56756756756757,93,23,700,737,middle
JH Kallis,95,2427,105.93627237014405,27.269662921348313,255,44,2202,2291,middle
EJG Morgan,74,1406,119.05165114309906,23.049180327868854,112,64,1120,1181,middle
LR Shukla,33,405,113.12849162011173,13.96551724137931,33,16,329,358,middle
Mohammed Shami,27,84,90.32258064516128,6.0,7,2,79,93,lower
Y Venugopal Rao,52,985,113.87283236994219,23.452380952380953,77,37,823,865,middle
AC Gilchrist,80,2069,133.05466237942122,27.223684210526315,239,92,1479,1555,opener
PC Valthaty,23,505,116.89814814814814,22.954545454545453,61,20,410,432,opener
SE Marsh,69,2489,130.10977522216413,38.292307692307695,269,78,1848,1913,middle
DJ Hussey,61,1322,120.07266121707538,26.979591836734695,90,60,1052,1101,middle
Sunny Singh,5,43,138.70967741935485,10.75,6,1,27,31,lower
RJ Harris,21,117,104.46428571428572,9.75,6,3,100,112,middle
CH Morris,49,618,149.636803874092,21.310344827586206,41,35,384,413,middle
Gurkeerat Singh,32,511,117.20183486238531,18.925925925925927,55,11,409,436,middle
TM Dilshan,50,1153,110.12416427889207,28.121951219512194,140,24,1006,1047,middle
R Rampaul,7,51,98.07692307692307,10.2,3,2,47,52,lower
LJ Wright,5,106,168.25396825396825,26.5,16,3,59,63,middle
SPD Smith,93,2495,124.81240620310155,31.987179487179485,226,60,1921,1999,middle
MR Marsh,49,1292,138.4780278670954,28.711111111111112,104,75,888,933,middle
M Manhas,38,514,105.76131687242798,21.416666666666668,43,10,462,486,middle
B Kumar,71,320,87.91208791208791,8.64864864864865,31,3,327,364,lower
AG Murtaza,3,10,71.42857142857143,10.0,1,0,13,14,lower
IC Pandey,1,0,0.0,0.0,0,0,1,2,lower
AB Dinda,16,26,52.0,2.888888888888889,2,0,41,50,lower
Tilak Varma,51,1499,137.6492194674013,39.44736842105263,113,74,1051,1089,middle
N Wadhera,31,719,137.73946360153258,27.653846153846153,60,39,496,522,middle
TH David,44,846,161.45038167938932,32.53846153846154,54,60,498,524,middle
Mohammad Nabi,19,221,140.76433121019107,13.0,18,12,140,157,middle
G Coetzee,7,31,93.93939393939394,5.166666666666667,2,2,27,33,lower
AA Kulkarni,2,9,112.5,4.5,2,0,6,8,lower
DJ Hooda,101,1497,123.41302555647155,18.25609756097561,98,62,1131,1213,middle
AJ Turner,6,24,77.41935483870968,4.8,0,2,26,31,lower
A Badoni,46,963,130.13513513513513,26.75,73,38,704,740,middle
Vishnu Vinod,6,56,96.55172413793103,9.333333333333334,3,3,52,58,lower
Mandeep Singh,97,1706,120.31029619181946,20.070588235294117,176,38,1333,1418,middle
M Vohra,51,1083,125.49246813441484,22.5625,104,43,815,863,opener
HM Amla,16,577,138.03827751196172,44.38461538461539,60,21,405,418,middle
AR Patel,123,1916,128.67696440564137,21.772727272727273,130,94,1401,1489,middle
JM Bairstow,52,1674,141.7442845046571,33.48,173,74,1131,1181,middle
WP Saha,143,2934,123.90202702702702,24.24793388429752,296,87,2247,2368,middle
Abhishek Sharma,74,1816,155.61268209083119,27.104477611940297,174,101,1100,1167,middle
VG Arora,9,9,36.0,2.25,0,0,21,25,lower
KS Williamson,76,2132,122.95271049596307,36.13559322033898,187,64,1675,1734,middle
RA Tripathi,98,2291,134.21206795547744,26.63953488372093,229,85,1621,1707,middle
AK Markram,55,1440,131.74748398902105,31.304347826086957,111,57,1047,1093,middle
RR Pant,123,3566,142.41214057507986,33.32710280373832,321,170,2397,2504,middle
DA Miller,133,3077,134.07407407407408,34.57303370786517,220,138,2206,2295,middle
Abdul Samad,51,743,146.83794466403162,18.121951219512194,45,50,465,506,middle
Akash Deep,5,25,178.57142857142858,8.333333333333334,2,2,11,14,lower
Avesh Khan,13,62,158.97435897435898,31.0,6,4,37,39,lower
WG Jacks,19,463,151.30718954248366,28.9375,38,29,290,306,middle
RD Rickelton,14,388,145.86466165413535,29.846153846153847,47,17,253,266,opener
Naman Dhir,19,392,173.4513274336283,28.0,37,23,212,226,middle
MJ Santner,19,110,99.09909909909909,13.75,6,6,103,111,lower
Priyansh Arya,18,545,175.80645161290323,30.27777777777778,60,31,292,310,opener
DJ Bravo,110,1560,125.10024057738573,22.608695652173914,120,66,1178,1247,middle
PK Garg,19,273,110.5263157894737,14.368421052631579,16,9,228,247,middle
V Shankar,63,1233,125.17766497461929,26.804347826086957,88,48,939,985,middle
Rashid Khan,66,585,151.1627906976744,13.928571428571429,41,41,345,387,middle
S Nadeem,20,39,44.31818181818182,2.4375,2,0,72,88,lower
Sandeep Sharma,26,60,75.9493670886076,12.0,4,0,74,79,lower
T Natarajan,2,3,60.0,1000000000.0,0,0,5,5,lower
S Vidyut,8,145,126.08695652173914,18.125,21,3,107,115,opener
SP Fleming,10,196,114.61988304093566,21.77777777777778,27,3,162,171,opener
SK Raina,200,5536,132.53531242518554,32.95238095238095,506,204,4009,4177,middle
S Badrinath,65,1441,115.74297188755021,30.020833333333332,154,28,1197,1245,middle
CK Kapugedera,3,16,66.66666666666666,5.333333333333333,0,0,21,24,lower
HC Brook,11,190,119.49685534591194,21.11111111111111,23,4,150,159,middle
H Klaasen,45,1480,163.1753031973539,41.111111111111114,98,89,871,907,middle
AJ Hosein,1,16,145.45454545454547,1000000000.0,1,1,11,11,lower
PD Salt,34,1056,169.5024077046549,33.0,122,56,591,623,opener
SN Khan,36,585,128.28947368421052,20.17241379310345,63,14,427,456,middle
RV Patel,7,80,105.26315789473684,16.0,6,2,71,76,middle
GJ Bailey,36,663,120.1086956521739,22.862068965517242,59,19,523,552,middle
R Dhawan,22,210,111.70212765957446,21.0,18,7,178,188,middle
MG Johnson,28,167,99.40476190476191,11.928571428571429,10,7,154,168,lower
Anuj Rawat,21,318,115.21739130434783,22.714285714285715,26,14,262,276,middle
SS Prabhudessai,10,126,111.50442477876106,14.0,11,4,104,113,middle
PWH de Silva,19,81,85.26315789473684,5.0625,7,1,79,95,lower
Mohammed Siraj,21,112,88.18897637795276,11.2,10,4,117,127,lower
JR Hazlewood,7,19,63.33333333333333,1000000000.0,1,0,30,30,lower
M Vijay,105,2619,118.61413043478262,27.0,247,91,2111,2208,opener
MEK Hussey,58,1977,119.96359223300972,38.01923076923077,198,52,1596,1648,middle
S Anirudha,12,136,112.39669421487604,17.0,9,7,113,121,middle
S Sohal,20,368,118.32797427652733,20.444444444444443,34,18,293,311,opener
B Chipli,21,280,109.375,17.5,28,7,240,256,middle
CL White,45,971,125.45219638242895,27.742857142857144,76,38,739,774,middle
A Mishra,55,381,86.5909090909091,12.290322580645162,31,5,409,440,lower
I Sharma,21,57,80.28169014084507,8.142857142857142,4,2,64,71,lower
KR Mayers,13,379,137.31884057971016,29.153846153846153,38,22,263,276,opener
Yudhvir Singh,4,22,137.5,5.5,1,2,12,16,lower
R Ashwin,93,833,114.42307692307692,13.222222222222221,64,29,665,728,middle
LMP Simmons,29,1079,122.89293849658314,39.96296296296296,109,44,851,878,middle
UBT Chand,20,300,95.54140127388536,15.0,32,9,294,314,lower
TG Southee,19,120,111.11111111111111,10.909090909090908,8,4,97,108,middle
J Theron,4,10,76.92307692307693,5.0,1,0,11,13,lower
PP Shaw,79,1892,143.22482967448903,24.571428571428573,238,61,1244,1321,opener
JJ Roy,21,614,133.47826086956522,32.31578947368421,75,21,441,460,middle
C de Grandhomme,21,303,132.31441048034935,20.2,18,18,214,229,middle
C Munro,11,177,122.91666666666667,19.666666666666668,19,8,135,144,middle
MJ McClenaghan,20,85,116.43835616438356,7.7272727272727275,5,7,62,73,middle
BB McCullum,109,2882,126.84859154929578,27.18867924528302,293,130,2166,2272,middle
P Negi,35,365,121.26245847176081,14.038461538461538,27,16,275,301,middle
A Nehra,17,41,65.07936507936508,5.125,3,1,55,63,lower
NJ Maddinson,3,20,95.23809523809523,6.666666666666667,4,0,18,21,lower
D Wiese,11,148,140.95238095238096,24.666666666666668,12,7,99,105,middle
Iqbal Abdulla,13,88,102.32558139534885,88.0,9,1,85,86,middle
MC Henriques,54,1000,124.84394506866417,26.31578947368421,87,28,763,801,middle
A Ashish Reddy,23,280,142.85714285714286,18.666666666666668,16,15,181,196,middle
Sachin Baby,11,144,117.07317073170731,14.4,11,5,113,123,middle
Parvez Rasool,4,17,85.0,8.5,1,0,18,20,lower
DB Ravi Teja,25,375,115.38461538461537,18.75,35,9,305,325,middle
Ankit Sharma,10,87,126.08695652173914,12.428571428571429,7,4,62,69,middle
TL Suman,39,676,115.1618398637138,22.533333333333335,55,26,557,587,middle
RE Levi,6,83,112.16216216216218,13.833333333333334,10,4,68,74,middle
JEC Franklin,16,327,105.8252427184466,29.727272727272727,25,9,298,309,middle
C Bosch,2,47,146.875,23.5,3,3,30,32,lower
B Sai Sudharsan,40,1793,140.1876465989054,51.22857142857143,183,53,1244,1279,middle
SE Rutherford,20,397,128.06451612903226,22.055555555555557,25,26,292,310,middle
R Tewatia,76,1112,130.66980023501762,22.693877551020407,90,54,802,851,middle
Arshad Khan,10,119,132.22222222222223,19.833333333333332,5,9,84,90,middle
BE Hendricks,2,1,33.33333333333333,1.0,0,0,2,3,lower
Shivam Sharma,2,5,166.66666666666669,5.0,1,0,2,3,lower
R Shepherd,12,185,198.9247311827957,23.125,12,17,85,93,middle
J Suchith,9,70,112.90322580645163,17.5,6,3,58,62,middle
Umran Malik,5,23,143.75,23.0,1,2,15,16,lower
PN Mankad,5,97,129.33333333333331,32.333333333333336,13,2,72,75,middle
SK Rasheed,5,71,105.97014925373134,14.2,9,2,62,67,middle
R Ravindra,18,413,138.59060402684565,25.8125,40,16,282,298,opener
A Mhatre,7,240,183.206106870229,34.285714285714285,31,11,124,131,opener
J Overton,2,15,214.28571428571428,1000000000.0,1,1,7,7,lower
R Powell,23,365,139.84674329501917,17.38095238095238,22,28,240,261,middle
Lalit Yadav,21,305,101.32890365448506,20.333333333333332,27,7,286,301,middle
Kuldeep Yadav,37,201,83.75,15.461538461538462,18,3,227,240,lower
BJ Rohrer,8,193,132.1917808219178,27.571428571428573,21,5,139,146,middle
MJ Suthar,1,1,50.0,1.0,0,0,1,2,lower
MM Sharma,30,125,89.28571428571429,7.352941176470588,9,4,123,140,lower
RM Patidar,38,1111,146.3768115942029,30.86111111111111,76,68,723,759,middle
C Green,28,707,149.78813559322032,35.35,62,32,452,472,middle
Swapnil Singh,9,51,110.86956521739131,10.2,3,3,41,46,lower
AD Nath,10,90,90.9090909090909,9.0,7,2,89,99,lower
CA Ingram,15,205,112.02185792349727,17.083333333333332,22,5,171,183,middle
JG Bethell,2,67,171.7948717948718,33.5,9,3,37,39,middle
D Brevis,16,455,149.18032786885246,28.4375,30,33,289,305,middle
DJ Malan,1,26,100.0,26.0,1,1,25,26,lower
CJ Jordan,12,81,100.0,9.0,3,3,72,81,middle
E Lewis,26,654,131.06212424849699,27.25,62,36,475,499,middle
M Markande,10,48,109.09090909090908,16.0,5,1,41,44,lower
BA Stokes,43,935,130.22284122562675,22.804878048780488,81,32,677,718,middle
JC Archer,30,262,143.16939890710384,14.555555555555555,14,18,165,183,middle
K Gowtham,27,247,155.34591194968556,13.722222222222221,15,17,141,159,middle
MK Lomror,35,527,135.47557840616966,17.566666666666666,33,30,359,389,middle
DJ Mitchell,15,351,128.1021897810219,27.0,28,10,261,274,middle
CJ Anderson,29,538,123.39449541284404,24.454545454545453,40,31,414,436,middle
PJ Cummins,48,612,146.76258992805757,18.545454545454547,39,41,384,417,middle
KC Cariappa,5,24,114.28571428571428,8.0,0,2,18,21,lower
LE Plunkett,2,1,33.33333333333333,1.0,0,0,2,3,lower
DJM Short,7,115,112.74509803921569,16.428571428571427,11,5,95,102,opener
JDS Neesham,10,92,98.9247311827957,11.5,6,2,85,93,lower
JO Holder,27,259,119.35483870967742,12.333333333333334,13,18,196,217,middle
PVD Chameera,10,53,115.21739130434783,17.666666666666668,3,3,43,46,lower
Mohsin Khan,5,25,92.5925925925926,12.5,2,1,25,27,lower
Shivam Mavi,11,51,87.93103448275862,5.666666666666667,4,2,49,58,lower
RN ten Doeschate,21,326,136.9747899159664,19.176470588235293,26,15,221,238,middle
UA Birla,1,7,46.666666666666664,7.0,1,0,14,15,lower
M Rawat,11,55,78.57142857142857,11.0,4,1,65,70,lower
WD Parnell,13,65,75.5813953488372,6.5,4,1,76,86,lower
K Upadhyay,2,12,133.33333333333331,1000000000.0,0,1,9,9,lower
Z Khan,27,117,82.97872340425532,7.8,11,2,126,141,lower
ML Hayden,32,1107,131.94278903456495,39.535714285714285,121,44,811,839,middle
A Flintoff,3,62,108.77192982456141,31.0,5,2,55,57,middle
JDP Oram,11,106,96.36363636363636,13.25,6,5,102,110,lower
Joginder Sharma,5,36,120.0,9.0,1,2,26,30,lower
T Thushara,4,12,63.1578947368421,6.0,0,0,17,19,lower
A Zampa,5,15,60.0,3.0,1,0,20,25,lower
CA Pujara,22,390,96.7741935483871,21.666666666666668,50,4,385,403,lower
DL Vettori,16,121,102.54237288135593,17.285714285714285,11,2,111,118,middle
RR Bhatkal,1,0,0.0,0.0,0,0,0,2,lower
R Vinay Kumar,42,310,107.26643598615917,11.923076923076923,21,9,263,289,middle
TK Curran,10,127,117.59259259259258,25.4,10,3,103,108,middle
Aman Hakim Khan,10,115,105.50458715596329,12.777777777777779,8,6,100,109,middle
A Nortje,13,49,96.07843137254902,9.8,6,0,46,51,lower
M Jansen,20,141,103.6764705882353,11.75,8,6,124,136,middle
MD Mishra,17,237,111.26760563380283,15.8,24,8,198,213,middle
HH Gibbs,36,886,105.8542413381123,27.6875,83,31,805,837,middle
A Symonds,36,974,124.71190781049937,37.46153846153846,74,41,755,781,middle
WPUJC Vaas,11,81,110.95890410958904,11.571428571428571,2,3,66,73,middle
S Ladda,2,0,0.0,0.0,0,0,8,10,lower
DP Nannes,2,4,30.76923076923077,4.0,0,0,12,13,lower
VVS Laxman,20,282,104.0590405904059,17.625,33,5,255,271,opener
NLTC Perera,30,424,130.06134969325154,17.666666666666668,23,26,302,326,middle
RV Gomez,9,50,94.33962264150944,7.142857142857143,5,1,46,53,lower
M Muralitharan,9,20,66.66666666666666,3.3333333333333335,1,0,24,30,lower
DR Sams,13,44,91.66666666666666,4.4,1,3,38,48,lower
BR Dunk,3,40,111.11111111111111,13.333333333333334,7,0,33,36,lower
CM Gautam,13,169,106.9620253164557,18.77777777777778,17,6,149,158,middle
VR Aaron,12,50,68.4931506849315,12.5,2,2,69,73,lower
AJ Tye,13,91,115.18987341772151,11.375,6,5,71,79,middle
AS Rajpoot,7,26,63.41463414634146,6.5,2,1,37,41,lower
B Indrajith,3,21,67.74193548387096,7.0,2,0,28,31,lower
RK Singh,51,1099,138.5876418663304,30.52777777777778,87,56,757,793,middle
Harshit Rana,10,59,103.50877192982458,8.428571428571429,5,3,50,57,middle
MJ Guptill,13,271,137.56345177664974,22.583333333333332,24,15,185,197,opener
R Sathish,24,270,114.40677966101696,16.875,22,6,220,236,middle
R McLaren,13,159,89.32584269662921,19.875,14,1,170,178,lower
AN Ahmed,6,36,133.33333333333331,36.0,4,1,26,27,lower
MS Gony,15,99,130.26315789473685,11.0,6,8,67,76,middle
SB Styris,10,131,97.76119402985076,18.714285714285715,10,3,127,134,lower
Shahid Afridi,9,81,176.08695652173913,10.125,7,6,38,46,middle
Shakib Al Hasan,52,795,119.54887218045114,19.875,73,21,625,665,middle
DB Das,22,304,113.85767790262172,25.333333333333332,23,16,255,267,middle
JP Faulkner,45,527,129.80295566502463,18.821428571428573,36,23,378,406,middle
AP Tare,27,339,118.94736842105263,14.125,40,11,261,285,opener
BB Sran,7,10,71.42857142857143,10.0,0,0,13,14,lower
TM Head,37,1146,162.32294617563738,34.72727272727273,126,55,673,706,middle
Nithish Kumar Reddy,22,485,126.96335078534031,26.944444444444443,31,25,364,382,middle
Aniket Verma,12,236,159.45945945945945,26.22222222222222,12,20,139,148,middle
Y Gnaneswara Rao,1,19,105.55555555555556,19.0,3,0,17,18,lower
OA Shah,22,506,124.93827160493827,38.92307692307692,34,23,392,405,middle
AT Carey,3,32,110.34482758620689,16.0,0,1,27,29,lower
GH Vihari,23,284,85.80060422960725,14.2,23,1,311,331,lower
X Thalaivan Sargunam,1,10,58.82352941176471,10.0,0,0,16,17,lower
TU Deshpande,8,28,116.66666666666667,14.0,2,1,22,24,lower
BAW Mendis,3,3,50.0,1.5,0,0,4,6,lower
R Sharma,19,66,85.71428571428571,6.0,5,3,66,77,lower
A Manohar,20,292,120.16460905349795,15.368421052631579,23,14,224,243,middle
LH Ferguson,8,72,146.9387755102041,18.0,7,2,45,49,lower
AS Joseph,5,27,84.375,27.0,3,0,31,32,lower
Yash Dayal,4,4,44.44444444444444,1.3333333333333333,0,0,6,9,lower
KL Nagarkoti,7,22,64.70588235294117,5.5,1,0,30,34,lower
S Gopal,22,180,104.04624277456647,13.846153846153847,19,2,160,173,middle
Kartik Tyagi,6,13,81.25,3.25,1,0,12,16,lower
SC Ganguly,56,1349,101.73453996983409,24.98148148148148,137,42,1272,1326,middle
CJ Ferguson,8,98,82.35294117647058,16.333333333333332,9,0,113,119,lower
MN Samuels,14,161,92.52873563218391,13.416666666666666,9,7,162,174,lower
M Kartik,14,113,103.6697247706422,16.142857142857142,7,1,102,109,middle
PP Ojha,19,16,35.55555555555556,1.6,0,0,35,45,lower
MM Patel,12,39,95.1219512195122,7.8,5,0,36,41,lower
MC Juneja,7,125,93.28358208955224,17.857142857142858,11,1,127,134,lower
JP Inglis,11,278,157.06214689265536,27.8,26,16,167,177,middle
Shashank Singh,33,773,151.5686274509804,42.94444444444444,56,43,492,510,middle
PR Shah,9,92,94.84536082474226,11.5,9,2,89,97,lower
DS Kulkarni,20,104,92.03539823008849,11.555555555555555,7,2,104,113,lower
RR Powar,9,67,104.6875,22.333333333333332,6,1,61,64,middle
L Balaji,13,36,72.0,5.142857142857143,2,1,43,50,lower
LPC Silva,3,40,148.14814814814815,20.0,5,1,25,27,lower
LA Pomersbach,16,302,120.3187250996016,27.454545454545453,25,13,240,251,middle
AL Menaria,23,401,109.26430517711172,18.227272727272727,24,18,345,367,middle
KW Richardson,4,36,92.3076923076923,12.0,2,1,36,39,lower
JD Ryder,29,604,129.6137339055794,20.82758620689655,69,19,437,466,opener
M Morkel,20,126,135.48387096774192,11.454545454545455,11,5,82,93,middle
PA Reddy,10,164,98.20359281437125,16.4,15,2,157,167,opener
BB Samantray,8,125,107.75862068965519,25.0,13,2,111,116,middle
P Kumar,57,340,105.26315789473684,10.0,22,17,289,323,middle
Ravi Bishnoi,16,45,66.17647058823529,5.0,2,2,59,68,lower
Anirudh Singh,4,63,91.30434782608695,15.75,6,1,65,69,lower
Jaskaran Singh,4,8,72.72727272727273,4.0,0,0,9,11,lower
C Sakariya,7,20,64.51612903225806,4.0,3,0,26,31,lower
SA Abbott,3,22,122.22222222222223,11.0,1,2,16,18,lower
VH Zol,2,29,111.53846153846155,14.5,3,1,24,26,lower
S Rana,8,91,110.97560975609757,18.2,9,1,77,82,middle
CR Brathwaite,14,181,150.83333333333334,12.928571428571429,10,16,106,120,middle
J Yadav,4,40,105.26315789473684,20.0,2,1,36,38,lower
UT Khawaja,6,127,120.95238095238095,25.4,14,3,100,105,opener
P Chopra,1,8,133.33333333333331,8.0,2,0,5,6,lower
Rasikh Salam,6,40,100.0,8.0,5,0,35,40,lower
CV Varun,11,26,52.0,13.0,2,0,48,50,lower
NS Naik,4,31,58.490566037735846,7.75,2,0,49,53,lower
AUK Pathan,7,39,150.0,7.8,5,2,21,26,lower
A Mithun,6,34,130.76923076923077,6.8,4,1,21,26,lower
L Ablish,1,0,0.0,1000000000.0,0,0,2,2,lower
Noor Ahmad,11,20,57.14285714285714,2.5,2,0,27,35,lower
M Klinger,4,73,93.58974358974359,18.25,9,0,74,78,lower
P Parameswaran,2,1,33.33333333333333,1000000000.0,0,0,3,3,lower
BCJ Cutting,17,238,163.013698630137,21.636363636363637,15,19,135,146,middle
Bipul Sharma,17,187,150.80645161290323,31.166666666666668,11,9,118,124,middle
TD Paine,2,10,34.48275862068966,5.0,0,0,27,29,lower
Harpreet Singh,8,123,103.36134453781514,20.5,10,3,113,119,middle
SP Goswami,21,293,95.43973941368078,14.65,32,3,287,307,lower
DJ Jacobs,7,92,91.0891089108911,13.142857142857142,10,4,94,101,opener
JD Unadkat,27,197,115.88235294117648,14.071428571428571,16,7,156,170,middle
IR Jaggi,7,76,76.0,15.2,6,0,95,100,lower
AC Thomas,4,20,105.26315789473684,10.0,1,1,17,19,lower
J Fraser-McGurk,15,385,189.6551724137931,27.5,39,30,189,203,opener
Abishek Porel,29,661,145.59471365638768,22.79310344827586,65,27,425,454,middle
T Stubbs,30,711,160.85972850678735,41.8235294117647,51,38,425,442,middle
Ashutosh Sharma,18,393,153.515625,26.2,24,28,241,256,middle
V Nigam,8,142,173.17073170731706,28.4,16,8,77,82,middle
GC Smith,29,739,106.9464544138929,24.633333333333333,94,9,661,691,middle
RJ Quiney,7,103,98.09523809523809,14.714285714285714,12,3,98,105,opener
AD Mascarenhas,11,79,100.0,7.9,5,1,69,79,middle
AS Raut,16,194,112.79069767441861,17.636363636363637,13,7,161,172,middle
SK Warne,27,198,90.41095890410958,10.421052631578947,14,6,200,219,lower
SB Bangar,7,49,84.48275862068965,8.166666666666666,1,3,52,58,lower
Yashpal Singh,4,47,70.1492537313433,11.75,5,0,63,67,lower
AB Agarkar,18,179,111.87499999999999,22.375,13,5,152,160,middle
A Kumble,15,35,71.42857142857143,17.5,3,0,47,49,lower
KB Arun Karthik,8,51,96.22641509433963,10.2,4,1,48,53,lower
J Syed Mohammad,5,29,107.40740740740742,14.5,4,0,25,27,lower
SD Hope,9,183,146.4,22.875,12,12,117,125,middle
Kumar Kushagra,3,3,42.857142857142854,1.0,0,0,4,7,lower
LB Williams,1,1,50.0,1000000000.0,0,0,2,2,lower
W Jaffer,8,130,100.7751937984496,18.571428571428573,14,3,122,129,opener
MV Boucher,23,394,123.89937106918238,26.266666666666666,32,13,303,318,middle
B Akhil,11,76,133.33333333333331,10.857142857142858,5,5,50,57,middle
Mayank Dagar,1,0,0.0,1000000000.0,0,0,1,1,lower
RJW Topley,1,3,50.0,1000000000.0,0,0,6,6,lower
K Kartikeya,4,12,66.66666666666666,4.0,1,0,15,18,lower
JP Behrendorff,2,6,66.66666666666666,1000000000.0,0,0,9,9,lower
DP Conway,28,1080,136.02015113350126,43.2,117,34,769,794,middle
Sikandar Raza,9,182,127.27272727272727,26.0,12,8,136,143,middle
Musheer Khan,1,0,0.0,0.0,0,0,2,3,lower
Azmatullah Omarzai,9,99,128.57142857142858,12.375,8,5,69,77,middle
SZ Mulani,1,1,100.0,1000000000.0,0,0,1,1,lower
PM Sarvesh Kumar,1,1,50.0,1000000000.0,0,0,2,2,lower
DP Vijaykumar,1,1,100.0,1000000000.0,0,0,1,1,lower
Rahmanullah Gurbaz,18,363,128.26855123674912,21.352941176470587,34,22,266,283,opener
JR Hopes,19,417,132.80254777070064,24.529411764705884,49,11,297,314,middle
AN Ghosh,2,7,87.5,3.5,1,0,6,8,lower
PHKD Mendis,5,92,127.77777777777777,23.0,7,2,68,72,middle
RS Bopara,22,531,113.46153846153845,27.94736842105263,39,16,449,468,middle
WA Mota,8,56,73.68421052631578,11.2,2,0,71,76,lower
Sunny Gupta,1,0,0.0,0.0,0,0,0,1,lower
Harmeet Singh,4,18,150.0,9.0,3,0,10,12,lower
I Malhotra,1,7,175.0,1000000000.0,1,0,4,4,lower
TR Birt,5,75,127.11864406779661,15.0,9,2,54,59,middle
T Kohli,3,11,55.00000000000001,3.6666666666666665,0,1,17,20,lower
DS Lehmann,2,18,94.73684210526315,9.0,3,0,17,19,lower
D Salunkhe,3,33,137.5,33.0,5,0,23,24,lower
SK Trivedi,14,42,68.85245901639344,5.25,3,1,53,61,lower
NM Coulter-Nile,16,82,109.33333333333333,8.2,7,4,65,75,middle
Vivrant Sharma,1,69,140.81632653061226,69.0,9,2,48,49,middle
GD Phillips,8,65,118.18181818181819,9.285714285714286,3,6,48,55,middle
Sanvir Singh,5,25,113.63636363636364,12.5,2,1,20,22,lower
Anmolpreet Singh,9,139,118.80341880341881,15.444444444444445,19,3,108,117,opener
KAJ Roach,1,10,111.11111111111111,10.0,1,0,8,9,lower
PV Tambe,6,18,46.15384615384615,18.0,1,0,38,39,lower
MS Wade,14,183,98.91891891891892,14.076923076923077,23,2,172,185,lower
KS Sharma,3,16,64.0,5.333333333333333,1,0,22,25,lower
A Mukund,2,19,82.6086956521739,9.5,1,0,21,23,lower
MJ Lumb,12,278,140.4040404040404,27.8,45,6,188,198,opener
FY Fazal,11,183,102.23463687150837,20.333333333333332,22,1,170,179,middle
AC Voges,7,181,126.57342657342659,30.166666666666668,15,3,137,143,middle
P Dogra,12,127,90.0709219858156,10.583333333333334,4,5,129,141,lower
SJ Srivastava,4,5,100.0,5.0,0,0,4,5,lower
SP Jackson,8,61,107.01754385964912,10.166666666666666,5,1,51,57,middle
AB McDonald,9,123,119.41747572815532,24.6,9,4,98,103,middle
Ramandeep Singh,20,217,152.8169014084507,19.727272727272727,9,17,131,142,middle
M Ashwin,12,35,70.0,4.375,2,1,42,50,lower
RP Meredith,2,0,0.0,0.0,0,0,2,3,lower
NJ Rimmington,1,1,100.0,1000000000.0,0,0,1,1,lower
TL Seifert,3,26,100.0,8.666666666666666,4,0,23,26,lower
KK Ahmed,6,2,22.22222222222222,0.4,0,0,4,9,lower
Mustafizur Rahman,7,13,54.166666666666664,6.5,0,1,22,24,lower
GC Viljoen,3,3,42.857142857142854,1.5,0,0,5,7,lower
S Lamichhane,1,0,0.0,0.0,0,0,0,1,lower
A Singh,5,2,20.0,0.5,0,0,6,10,lower
Mujeeb Ur Rahman,6,12,80.0,4.0,2,0,12,15,lower
Sohail Tanvir,5,36,116.12903225806453,12.0,3,1,28,31,lower
A Raghuvanshi,18,463,142.0245398773006,28.9375,46,16,310,326,middle
Urvil Patel,3,68,200.0,22.666666666666668,5,6,31,34,middle
A Kamboj,6,16,106.66666666666667,8.0,2,0,13,15,lower
KMA Paul,5,18,69.23076923076923,4.5,1,1,22,26,lower
RK Bhui,4,10,37.03703703703704,2.5,0,0,23,27,lower
AD Hales,6,148,124.36974789915966,24.666666666666668,13,6,113,119,opener
Basil Thampi,7,32,86.48648648648648,16.0,1,1,35,37,lower
Anureet Singh,8,36,76.59574468085107,9.0,2,1,43,47,lower
Karanveer Singh,4,12,70.58823529411765,12.0,1,0,16,17,lower
Mukesh Kumar,5,10,50.0,10.0,0,0,19,20,lower
CR Woakes,12,78,101.29870129870129,15.6,7,2,72,77,middle
Naveen-ul-Haq,4,18,69.23076923076923,9.0,2,0,24,26,lower
Mohammad Asif,2,3,50.0,1.5,0,0,4,6,lower
GD McGrath,2,4,80.0,4.0,1,0,4,5,lower
B Laughlin,4,5,38.46153846153847,2.5,0,0,11,13,lower
AA Jhunjhunwala,15,217,99.54128440366972,15.5,19,5,204,218,lower
AA Chavan,3,12,109.09090909090908,12.0,2,0,10,11,lower
GB Hogg,4,22,100.0,11.0,1,0,20,22,lower
MJ Clarke,6,98,102.08333333333333,16.333333333333332,12,0,90,96,middle
AP Majumdar,4,87,112.98701298701299,21.75,7,2,73,77,middle
T Shamsi,1,2,50.0,1000000000.0,0,0,4,4,lower
Azhar Mahmood,21,388,124.7588424437299,20.42105263157895,39,13,292,311,middle
SMSM Senanayake,4,10,58.82352941176471,10.0,0,0,16,17,lower
P Dubey,2,23,69.6969696969697,23.0,2,0,32,33,lower
AU Rashid,2,22,129.41176470588235,11.0,2,1,15,17,lower
PJ Sangwan,14,26,55.319148936170215,3.25,1,0,39,47,lower
AA Bilakhia,7,69,78.4090909090909,13.8,5,0,83,88,lower
Sameer Rizvi,9,172,136.5079365079365,24.571428571428573,15,9,119,126,middle
V Suryavanshi,7,252,195.3488372093023,36.0,18,24,122,129,opener
C Madan,1,15,71.42857142857143,15.0,3,0,20,21,lower
PD Collingwood,7,203,127.67295597484276,50.75,9,13,155,159,middle
Sumit Kumar,3,18,69.23076923076923,9.0,2,1,24,26,lower
M de Lange,1,1,50.0,1.0,0,0,1,2,lower
RE van der Merwe,15,159,110.41666666666667,13.25,11,8,132,144,middle
OC McCoy,1,8,160.0,1000000000.0,0,1,5,5,lower
M Prasidh Krishna,7,9,37.5,4.5,0,0,22,24,lower
T Kohler-Cadmore,3,48,88.88888888888889,16.0,7,1,51,54,lower
JL Denly,1,0,0.0,0.0,0,0,0,1,lower
GR Napier,1,15,93.75,15.0,1,0,15,16,lower
MN van Wyk,5,167,123.7037037037037,55.666666666666664,19,1,132,135,middle
I Udana,4,15,136.36363636363635,5.0,1,1,8,11,lower
SD Lad,1,15,115.38461538461537,15.0,1,1,12,13,lower
IS Sodhi,2,7,38.88888888888889,3.5,0,0,16,18,lower
Misbah-ul-Haq,8,117,142.6829268292683,13.0,10,6,73,82,middle
M Ntini,2,11,57.89473684210527,11.0,2,0,18,19,lower
R Bishnoi,3,19,111.76470588235294,6.333333333333333,1,2,14,17,lower
KP Appanna,3,2,50.0,2.0,0,0,3,4,lower
MP Breetzke,1,14,116.66666666666667,14.0,1,1,11,12,lower
MG Bracewell,4,58,118.36734693877551,29.0,6,1,47,49,lower
DJ Willey,5,53,82.8125,17.666666666666668,7,0,61,64,lower
Akash Madhwal,2,8,57.14285714285714,1000000000.0,0,0,14,14,lower
SB Dubey,11,139,159.77011494252872,19.857142857142858,9,10,80,87,middle
B Sumanth,4,35,92.10526315789474,35.0,3,0,37,38,lower
M Theekshana,6,17,50.0,5.666666666666667,0,1,31,34,lower
Salman Butt,7,193,112.20930232558139,27.571428571428573,30,2,165,172,middle
A Chopra,6,53,70.66666666666667,10.6,7,0,70,75,lower
Mohammad Hafeez,8,64,76.19047619047619,8.0,7,2,76,84,lower
Shoaib Akhtar,1,2,25.0,2.0,0,0,7,8,lower
DJ Thornely,4,39,72.22222222222221,13.0,2,2,51,54,lower
AG Paunikar,5,49,80.32786885245902,9.8,9,0,56,61,lower
P Sahu,2,19,146.15384615384613,1000000000.0,1,1,13,13,lower
S Kaul,9,20,55.55555555555556,6.666666666666667,1,0,33,36,lower
Ankit Soni,3,7,77.77777777777779,3.5,0,1,7,9,lower
DJ Harris,4,111,107.76699029126213,37.0,11,5,100,103,opener
FA Allen,3,14,73.68421052631578,7.0,1,0,17,19,lower
Fazalhaq Farooqi,3,5,33.33333333333333,1000000000.0,0,0,15,15,lower
N Saini,10,140,97.9020979020979,12.727272727272727,16,0,132,143,lower
SB Jakati,5,28,93.33333333333333,14.0,3,0,28,30,lower
DJ Muthuswami,1,1,33.33333333333333,1.0,0,0,2,3,lower
D Pretorius,5,44,157.14285714285714,11.0,3,3,24,28,lower
SD Chitnis,8,99,107.6086956521739,14.142857142857142,10,2,85,92,middle
Pankaj Singh,5,7,58.333333333333336,3.5,0,0,10,12,lower
GHS Garton,2,2,50.0,2.0,0,0,3,4,lower
Simarjeet Singh,6,10,66.66666666666666,3.3333333333333335,0,0,12,15,lower
R Sai Kishore,4,18,112.5,6.0,0,2,13,16,lower
DE Bollinger,4,21,91.30434782608695,21.0,1,1,22,23,lower
Arjun Tendulkar,1,13,144.44444444444443,13.0,0,1,8,9,lower
NT Ellis,5,19,73.07692307692307,4.75,0,1,22,26,lower
HE van der Dussen,3,22,88.0,11.0,2,0,23,25,lower
PWA Mulder,1,9,75.0,9.0,1,0,11,12,lower
CRD Fernando,2,4,133.33333333333331,4.0,0,0,2,3,lower
RG More,1,2,100.0,1000000000.0,0,0,2,2,lower
S Narwal,4,37,127.58620689655173,9.25,6,0,25,29,lower
SW Tait,5,23,88.46153846153845,7.666666666666667,1,1,23,26,lower
JE Root,1,10,66.66666666666666,10.0,1,0,14,15,lower
KM Asif,1,0,0.0,0.0,0,0,1,2,lower
BA Bhatt,2,6,85.71428571428571,1000000000.0,0,1,7,7,lower
RT Ponting,9,91,70.54263565891473,11.375,5,2,121,129,opener
L Wood,1,9,300.0,1000000000.0,0,1,3,3,lower
JPR Scantlebury-Searles,2,8,133.33333333333331,8.0,0,1,5,6,lower
L Ronchi,5,34,91.8918918918919,11.333333333333334,6,1,34,37,lower
S Chanderpaul,3,25,75.75757575757575,8.333333333333334,4,0,30,33,lower
Shivam Singh,1,2,66.66666666666666,1000000000.0,0,0,3,3,lower
JA Richardson,3,17,62.96296296296296,5.666666666666667,2,0,24,27,lower
HR Shokeen,5,66,98.50746268656717,22.0,9,0,64,67,lower
Saurav Chauhan,3,18,112.5,6.0,1,1,13,16,lower
Vijaykumar Vyshak,4,14,107.6923076923077,7.0,0,1,11,13,lower
TS Mills,5,8,57.14285714285714,2.0,0,1,10,14,lower
SB Wagh,2,2,66.66666666666666,1.0,0,0,1,3,lower
V Viyaskanth,1,7,140.0,1000000000.0,0,0,5,5,lower
F Behardien,3,14,107.6923076923077,7.0,2,0,11,13,lower
KJ Abbott,3,13,162.5,13.0,0,1,7,8,lower
AB Barath,3,42,97.67441860465115,21.0,5,1,41,43,lower
RS Sodhi,1,4,200.0,1000000000.0,1,0,2,2,lower
R Minz,2,6,37.5,3.0,0,0,14,16,lower
DR Shorey,2,13,65.0,6.5,0,1,18,20,lower
PSP Handscomb,1,6,50.0,6.0,0,0,11,12,lower
S Badree,5,13,52.0,2.6,0,0,20,25,lower
S Aravind,10,59,100.0,19.666666666666668,7,0,56,59,middle
YV Dhull,3,16,69.56521739130434,5.333333333333333,1,0,20,23,lower
Mohammad Ashraful,1,2,16.666666666666664,2.0,0,0,11,12,lower
S Sriram,2,31,81.57894736842105,15.5,3,0,36,38,lower
JM Kemp,2,26,104.0,13.0,1,1,23,25,lower
A Choudhary,3,25,125.0,12.5,1,1,18,20,lower
MA Wood,3,12,120.0,6.0,1,1,8,10,lower
LA Carseldine,5,81,114.08450704225352,27.0,11,0,68,71,middle
SM Harwood,2,9,64.28571428571429,1000000000.0,0,0,14,14,lower
Mukesh Choudhary,2,6,100.0,1000000000.0,1,0,6,6,lower
AS Yadav,6,49,122.50000000000001,7.0,5,2,33,40,lower
SH Johnson,5,8,72.72727272727273,1000000000.0,1,0,11,11,lower
C Nanda,1,0,0.0,0.0,0,0,0,1,lower
Younis Khan,1,3,42.857142857142854,3.0,0,0,6,7,lower
Gulbadin Naib,1,19,126.66666666666666,19.0,1,1,14,15,lower
D Ferreira,3,9,64.28571428571429,3.0,0,0,11,14,lower
MW Short,6,117,118.18181818181819,19.5,15,4,93,99,middle
Mohit Rathee,1,1,50.0,1000000000.0,0,0,2,2,lower
Prince Yadav,2,5,45.45454545454545,1000000000.0,0,0,11,11,lower
Shoaib Ahmed,3,1,16.666666666666664,0.5,0,0,4,6,lower
J Arunkumar,3,23,95.83333333333334,7.666666666666667,5,0,21,24,lower
Suryansh Shedge,3,7,58.333333333333336,2.3333333333333335,0,0,9,12,lower
BMAJ Mendis,3,23,85.18518518518519,7.666666666666667,0,0,24,27,lower
HF Gurney,1,1,20.0,1000000000.0,0,0,5,5,lower
T Henderson,2,11,68.75,11.0,0,1,15,16,lower
SS Shaikh,1,6,85.71428571428571,1000000000.0,1,0,7,7,lower
Umar Gul,4,39,205.26315789473685,13.0,1,5,16,19,lower
K Yadav,1,0,0.0,1000000000.0,0,0,4,4,lower
JE Taylor,2,3,75.0,1000000000.0,0,0,4,4,lower
VS Malik,2,7,100.0,7.0,1,0,6,7,lower
MD Shanaka,3,26,100.0,13.0,2,1,24,26,lower
DG Nalkande,2,12,100.0,6.0,0,1,10,12,lower
A Chandila,2,4,57.14285714285714,4.0,0,0,6,7,lower
XC Bartlett,1,11,73.33333333333333,11.0,1,0,14,15,lower
P Ray Barman,1,19,76.0,19.0,2,0,24,25,lower
AS Roy,7,26,104.0,6.5,3,0,21,25,lower
JL Pattinson,2,15,115.38461538461537,15.0,2,0,12,13,lower
ER Dwivedi,2,24,160.0,12.0,2,2,13,15,lower
DT Patil,2,13,100.0,13.0,1,0,12,13,lower
Abdur Razzak,1,0,0.0,1000000000.0,0,0,2,2,lower
Abdul Basith,1,1,100.0,1000000000.0,0,0,1,1,lower
R Shukla,4,19,82.6086956521739,9.5,2,0,21,23,lower
A Dananjaya,1,4,80.0,1000000000.0,0,0,5,5,lower
SB Joshi,2,6,37.5,3.0,0,0,14,16,lower
NL McCullum,2,26,113.04347826086956,8.666666666666666,0,1,20,23,lower
AR Bawne,1,12,100.0,1000000000.0,1,0,12,12,lower
RR Sarwan,4,73,93.58974358974359,24.333333333333332,6,1,75,78,lower
VRV Singh,2,4,133.33333333333331,4.0,1,0,2,3,lower
U Kaul,1,0,0.0,1000000000.0,0,0,1,1,lower
P Awana,5,5,35.714285714285715,1.6666666666666667,0,0,11,14,lower
Kamran Khan,1,3,60.0,3.0,0,0,4,5,lower
ND Doshi,1,0,0.0,0.0,0,0,12,13,lower
RJ Gleeson,1,2,100.0,1000000000.0,0,0,2,2,lower
VS Yeligati,1,2,100.0,2.0,0,0,1,2,lower
KS Rathore,1,0,0.0,0.0,0,0,4,5,lower
AA Noffke,1,9,75.0,9.0,1,0,11,12,lower
DNT Zoysa,2,11,122.22222222222223,11.0,1,0,8,9,lower
D Kalyankrishna,1,3,37.5,3.0,0,0,7,8,lower
D du Preez,1,10,76.92307692307693,10.0,0,0,12,13,lower
KMDN Kulasekara,1,5,166.66666666666669,1000000000.0,1,0,3,3,lower
M Tiwari,1,3,75.0,3.0,0,0,3,4,lower
A Tomar,1,4,50.0,4.0,1,0,7,8,lower
KR Sen,1,0,0.0,1000000000.0,0,0,3,3,lower
CK Langeveldt,2,8,88.88888888888889,4.0,0,1,7,9,lower
Sediqullah Atal,1,22,137.5,22.0,0,2,15,16,middle
MA Khote,3,24,109.09090909090908,12.0,2,1,20,22,lower
DM Bravo,1,6,120.0,1000000000.0,1,0,5,5,lower
RS Gavaskar,1,2,25.0,2.0,0,0,7,8,lower
SE Bond,1,1,50.0,1.0,0,0,1,2,lower
T Taibu,3,31,119.23076923076923,10.333333333333334,3,0,23,26,lower
MS Bhandage,1,1,25.0,1.0,0,0,3,4,lower
JJ van der Wath,3,18,105.88235294117648,9.0,1,1,15,17,lower
Y Prithvi Raj,1,0,0.0,1000000000.0,0,0,1,1,lower
Liton Das,1,4,100.0,4.0,1,0,3,4,lower
Tanush Kotian,1,24,75.0,24.0,3,0,31,32,lower
KA Maharaj,1,1,50.0,1.0,0,0,1,2,lower
A Uniyal,2,4,57.14285714285714,4.0,0,0,6,7,lower
Virat Singh,2,15,57.692307692307686,5.0,1,0,23,26,lower
BKG Mendis,1,20,181.8181818181818,20.0,1,2,10,11,middle
T Banton,2,18,81.81818181818183,9.0,1,1,20,22,lower
CJ McKay,1,8,53.333333333333336,8.0,0,0,14,15,lower
S Randiv,1,2,50.0,2.0,0,0,3,4,lower
DR Martyn,1,19,73.07692307692307,9.5,1,0,24,26,lower
L Ngidi,1,0,0.0,1000000000.0,0,0,2,2,lower
SS Cottrell,1,0,0.0,0.0,0,0,1,2,lower
FH Edwards,2,4,80.0,4.0,0,0,4,5,lower
AP Dole,2,34,147.82608695652172,17.0,3,1,21,23,lower
PVSN Raju,1,1,100.0,1000000000.0,0,0,1,1,lower
DS Rathi,1,1,25.0,1.0,0,0,3,4,lower
R Sanjay Yadav,1,0,0.0,0.0,0,0,1,2,lower
DAJ Bracewell,1,12,133.33333333333331,1000000000.0,1,0,9,9,lower
MDKJ Perera,2,14,107.6923076923077,7.0,3,0,11,13,lower
H Das,1,2,40.0,2.0,0,0,4,5,lower
B Stanlake,1,5,250.0,1000000000.0,1,0,2,2,lower
Arshad Khan (2),1,5,125.0,5.0,1,0,3,4,lower
R Ninan,1,3,50.0,3.0,0,0,5,6,lower
S Kaushik,1,0,0.0,0.0,0,0,0,1,lower
MJ Owen,1,0,0.0,0.0,0,0,1,2,lower
KT Maphaka,1,8,266.66666666666663,1000000000.0,2,0,3,3,lower
S Tyagi,1,3,75.0,1000000000.0,0,0,4,4,lower
V Pratap Singh,1,0,0.0,0.0,0,0,0,1,lower
Mashrafe Mortaza,1,2,100.0,1000000000.0,0,0,2,2,lower
YA Abdulla,1,0,0.0,1000000000.0,0,0,1,1,lower
BR Sharath,1,2,40.0,2.0,0,0,4,5,lower
BJ Haddin,1,18,163.63636363636365,18.0,2,1,10,11,middle
