Bowler,Innings,TotalWickets,TotalRunsConceded,EconomyRate,AverageRunsConceded,StrikeRate,BallsBowled
Sohail Tanvir,11,24,275,6.226415094339623,11.458333333333334,11.041666666666666,265
SR Watson,105,107,2742,7.698642957416939,25.626168224299064,19.97196261682243,2137
Pankaj Singh,17,11,472,9.106109324758842,42.90909090909091,28.272727272727273,311
YK Pathan,82,46,1443,7.3125,31.369565217391305,25.73913043478261,1184
SK Trivedi,75,73,1944,7.491329479768787,26.63013698630137,21.328767123287673,1557
SK Warne,54,60,1465,7.187244480784955,24.416666666666668,20.383333333333333,1223
SM Pollock,13,13,307,6.578571428571429,23.615384615384617,21.53846153846154,280
A Nehra,88,121,2537,7.711246200607903,20.96694214876033,16.31404958677686,1974
CRD Fernando,10,19,306,7.373493975903614,16.105263157894736,13.105263157894736,249
DR Smith,46,27,825,8.88689407540395,30.555555555555557,20.62962962962963,557
AM Nayar,19,9,323,8.108786610878662,35.888888888888886,26.555555555555557,239
RR Raje,10,7,214,8.916666666666668,30.571428571428573,20.571428571428573,144
ST Jayasuriya,21,16,396,7.893687707641195,24.75,18.8125,301
B Lee,38,30,1126,7.3755458515283845,37.53333333333333,30.533333333333335,916
IK Pathan,101,99,2711,7.698059630856601,27.383838383838384,21.343434343434343,2113
S Sreesanth,44,43,1221,7.736008447729672,28.3953488372093,22.023255813953487,947
VRV Singh,18,16,549,8.878706199460916,34.3125,23.1875,371
PP Chawla,191,201,5179,7.977920410783056,25.766169154228855,19.378109452736318,3895
Yuvraj Singh,73,39,1091,7.421768707482993,27.974358974358974,22.615384615384617,882
GD McGrath,14,14,366,6.674772036474164,26.142857142857142,23.5,329
Mohammad Asif,8,9,307,9.256281407035175,34.111111111111114,22.11111111111111,199
MF Maharoof,20,33,532,7.238095238095237,16.12121212121212,13.363636363636363,441
VY Mahesh,17,22,511,8.540389972144848,23.227272727272727,16.318181818181817,359
Shoaib Malik,5,2,87,9.0,43.5,29.0,58
R Bhatia,91,82,2059,7.437688139674895,25.109756097560975,20.25609756097561,1661
TA Boult,119,151,3806,8.19964093357271,25.205298013245034,18.443708609271525,2785
JJ Bumrah,145,203,4162,7.1882556131260795,20.502463054187192,17.113300492610836,3474
AF Milne,10,9,339,9.373271889400922,37.666666666666664,24.11111111111111,217
KH Pandya,132,97,3024,7.357664233576642,31.175257731958762,25.422680412371133,2466
RD Chahar,78,76,2174,7.659424544920728,28.605263157894736,22.407894736842106,1703
KA Jamieson,13,14,418,9.186813186813186,29.857142857142858,19.5,273
Mohammed Siraj,108,112,3434,8.416666666666666,30.660714285714285,21.857142857142858,2448
DT Christian,49,40,1218,7.926247288503254,30.45,23.05,922
HV Patel,116,168,3649,8.519066147859922,21.720238095238095,15.297619047619047,2570
YS Chahal,172,229,5112,7.8545454545454545,22.323144104803493,17.05240174672489,3905
GJ Maxwell,85,45,1422,8.148997134670488,31.6,23.266666666666666,1047
Z Khan,99,119,2860,7.539543057996484,24.03361344537815,19.126050420168067,2276
JA Morkel,87,96,2409,7.998893193137797,25.09375,18.822916666666668,1807
JP Duminy,49,23,847,7.249643366619115,36.82608695652174,30.47826086956522,701
A Mishra,162,183,4193,7.304878048780488,22.91256830601093,18.81967213114754,3444
Imran Tahir,59,86,1729,7.741791044776119,20.1046511627907,15.581395348837209,1340
AD Mathews,44,28,1095,8.141263940520446,39.107142857142854,28.821428571428573,807
UT Yadav,147,163,4442,8.354858934169279,27.25153374233129,19.570552147239265,3190
AD Russell,121,133,2909,9.259416445623343,21.872180451127818,14.172932330827068,1885
SP Narine,187,212,5029,6.825152680389053,23.721698113207548,20.85377358490566,4421
GB Hogg,21,25,585,7.532188841201716,23.4,18.64,466
J Botha,34,27,818,6.922425952045134,30.296296296296298,26.25925925925926,709
NM Coulter-Nile,38,52,1125,7.5672645739910305,21.634615384615383,17.153846153846153,892
KA Pollard,107,81,2200,8.32282471626734,27.160493827160494,19.580246913580247,1586
DL Chahar,95,91,2621,7.827775012444002,28.802197802197803,22.076923076923077,2009
JR Hazlewood,39,58,1219,8.199551569506726,21.017241379310345,15.379310344827585,892
SN Thakur,102,115,3284,8.936054421768707,28.556521739130435,19.17391304347826,2205
RA Jadeja,225,179,5242,7.621032226799128,29.28491620111732,23.05586592178771,4127
MA Starc,50,78,1588,8.476868327402135,20.358974358974358,14.41025641025641,1124
AB Dinda,75,82,2103,7.940843297671492,25.646341463414632,19.378048780487806,1589
VR Aaron,50,46,1527,8.60281690140845,33.19565217391305,23.152173913043477,1065
DW Steyn,95,105,2583,6.791411042944785,24.6,21.733333333333334,2282
B Kumar,190,213,5541,7.59387848332572,26.014084507042252,20.55399061032864,4378
I Sharma,117,100,3465,8.165750196386488,34.65,25.46,2546
KV Sharma,87,89,2263,8.42830540037244,25.426966292134832,18.10112359550562,1611
DJG Sammy,19,14,354,8.704918032786885,25.285714285714285,17.428571428571427,244
M Prasidh Krishna,66,80,2247,8.452664576802508,28.0875,19.9375,1595
LH Ferguson,49,63,1558,8.67161410018553,24.73015873015873,17.11111111111111,1078
Kuldeep Yadav,96,106,2805,7.976303317535545,26.462264150943398,19.90566037735849,2110
N Rana,26,10,271,8.253807106598984,27.1,19.7,197
TG Southee,54,57,1774,8.434231378763867,31.12280701754386,22.140350877192983,1262
Navdeep Saini,31,26,968,8.516129032258064,37.23076923076923,26.23076923076923,682
P Negi,42,38,954,7.809004092769442,25.105263157894736,19.289473684210527,733
MP Stoinis,71,46,1477,9.6117136659436,32.108695652173914,20.043478260869566,922
SL Malinga,122,188,3486,7.032952252858103,18.54255319148936,15.819148936170214,2974
RP Singh,82,100,2417,7.7385272145144075,24.17,18.74,1874
R Shukla,7,7,217,10.015384615384615,31.0,18.571428571428573,130
Harbhajan Singh,160,161,4101,7.038329519450801,25.472049689440993,21.714285714285715,3496
RJ Peterson,4,3,70,8.75,23.333333333333332,16.0,48
S Nadeem,70,54,1800,7.4792243767313025,33.333333333333336,26.74074074074074,1444
M Morkel,70,88,2136,7.5432607416127135,24.272727272727273,19.306818181818183,1699
AB Agarkar,42,33,1174,8.590243902439024,35.57575757575758,24.848484848484848,820
Sandeep Sharma,136,163,4134,7.829545454545455,25.36196319018405,19.43558282208589,3168
A Zampa,22,32,656,8.286315789473683,20.5,14.84375,475
SM Curran,63,63,2059,9.444954128440367,32.682539682539684,20.761904761904763,1308
K Rabada,84,128,2816,8.469172932330828,22.0,15.5859375,1995
Arshdeep Singh,81,106,2624,8.65054945054945,24.754716981132077,17.169811320754718,1820
NT Ellis,17,20,553,8.507692307692308,27.65,19.5,390
Washington Sundar,63,41,1447,7.676392572944296,35.292682926829265,27.585365853658537,1131
S Dube,15,6,223,10.292307692307691,37.166666666666664,21.666666666666668,130
SS Cottrell,6,6,177,8.106870229007633,29.5,21.833333333333332,131
Mohammed Shami,119,150,3834,8.49483013293944,25.56,18.053333333333335,2708
Ravi Bishnoi,76,77,2263,8.020082693443591,29.38961038961039,21.98701298701299,1693
M Ashwin,44,35,1182,7.897550111358575,33.77142857142857,25.65714285714286,898
JDS Neesham,13,8,342,9.243243243243244,42.75,27.75,222
Shivam Mavi,32,33,958,8.366812227074236,29.03030303030303,20.818181818181817,687
CV Varun,83,102,2432,7.552795031055901,23.84313725490196,18.941176470588236,1932
OF Smith,6,7,179,11.305263157894737,25.571428571428573,13.571428571428571,95
Harpreet Brar,46,35,1097,7.968523002421307,31.34285714285714,23.6,826
LS Livingstone,27,13,471,8.80373831775701,36.23076923076923,24.692307692307693,321
JH Kallis,89,74,2348,7.8310172317954425,31.72972972972973,24.31081081081081,1799
LR Shukla,27,17,458,8.429447852760736,26.941176470588236,19.176470588235293,326
SW Tait,21,26,668,7.50561797752809,25.692307692307693,20.53846153846154,534
KK Cooper,25,36,789,7.89,21.916666666666668,16.666666666666668,600
P Kumar,119,102,3342,7.604095563139931,32.76470588235294,25.852941176470587,2637
RJ Harris,37,47,1085,7.526011560693642,23.085106382978722,18.404255319148938,865
SJ Srivastava,14,15,444,8.705882352941176,29.6,20.4,306
PC Valthaty,10,7,207,8.117647058823529,29.571428571428573,21.857142857142858,153
DJ Hussey,26,10,485,9.009287925696594,48.5,32.3,323
Y Nagar,8,4,125,10.416666666666668,31.25,18.0,72
JR Hopes,20,14,562,9.138211382113822,40.142857142857146,26.357142857142858,369
Monu Kumar,1,0,20,7.5,0.0,0.0,16
MJ Santner,31,26,744,7.235008103727715,28.615384615384617,23.73076923076923,617
CH Morris,81,107,2377,7.918933925596891,22.214953271028037,16.83177570093458,1801
MM Ali,57,46,1036,7.153049482163406,22.52173913043478,18.891304347826086,869
MC Henriques,60,46,1302,7.9795709908069465,28.304347826086957,21.282608695652176,979
DJ Hooda,34,10,550,8.43989769820972,55.0,39.1,391
FA Allen,4,2,136,8.967032967032967,68.0,45.5,91
J Yadav,20,9,447,6.738693467336684,49.666666666666664,44.22222222222222,398
IC Pandey,24,19,609,7.791044776119403,32.05263157894737,24.68421052631579,469
MR Marsh,34,37,803,8.124789207419898,21.7027027027027,16.027027027027028,593
AG Murtaza,12,12,322,7.182156133828997,26.833333333333332,22.416666666666668,269
AJ Finch,5,1,67,9.136363636363637,67.0,44.0,44
LJ Wright,6,2,125,10.0,62.5,37.5,75
M Kartik,55,39,1418,7.197969543147208,36.35897435897436,30.307692307692307,1182
R Rampaul,12,17,319,6.884892086330935,18.764705882352942,16.352941176470587,278
JD Unadkat,111,121,3396,8.707692307692307,28.06611570247934,19.33884297520661,2340
R Vinay Kumar,104,127,3041,8.346752058554436,23.944881889763778,17.212598425196852,2186
CH Gayle,38,19,755,7.756849315068493,39.73684210526316,30.736842105263158,584
Mohsin Khan,23,27,698,8.2603550295858,25.85185185185185,18.77777777777778,507
Naveen-ul-Haq,17,26,602,8.874692874692874,23.153846153846153,15.653846153846153,407
MP Yadav,6,10,188,8.744186046511627,18.8,12.9,129
N Thushara,8,9,289,8.757575757575758,32.111111111111114,22.0,198
G Coetzee,14,15,490,10.068493150684931,32.666666666666664,19.466666666666665,292
HH Pandya,107,84,2541,8.894982497082847,30.25,20.404761904761905,1714
Mohammad Nabi,23,15,527,7.5465393794749405,35.13333333333333,27.933333333333334,419
AR Patel,160,137,4138,7.365173539009197,30.204379562043794,24.605839416058394,3371
MM Sharma,119,149,3537,8.58842573856738,23.738255033557046,16.583892617449663,2471
T Natarajan,63,77,2054,8.642356241234221,26.675324675324674,18.51948051948052,1426
B Stanlake,6,7,200,8.0,28.571428571428573,21.428571428571427,150
Iqbal Abdulla,48,45,1125,7.158006362672323,25.0,20.955555555555556,943
TS Mills,10,11,349,9.605504587155963,31.727272727272727,19.818181818181817,218
PJ Cummins,72,82,2436,8.689655172413794,29.70731707317073,20.51219512195122,1682
KL Nagarkoti,11,5,287,9.308108108108108,57.4,37.0,185
KK Ahmed,71,94,2372,8.704587155963303,25.23404255319149,17.393617021276597,1635
Rashid Khan,136,166,3863,7.160333642261353,23.271084337349397,19.5,3237
Abhishek Sharma,32,11,509,8.85217391304348,46.27272727272727,31.363636363636363,345
M Jansen,35,38,1180,8.996188055908513,31.05263157894737,20.710526315789473,787
J Suchith,21,20,604,8.350230414746544,30.2,21.7,434
Umran Malik,26,31,785,9.07514450867052,25.322580645161292,16.741935483870968,519
VG Arora,32,39,1029,8.947826086956521,26.384615384615383,17.692307692307693,690
Ashwani Kumar,7,11,234,10.636363636363637,21.272727272727273,12.0,132
V Puthur,5,6,109,8.95890410958904,18.166666666666668,12.166666666666666,73
Akash Deep,14,11,554,11.006622516556291,50.36363636363637,27.454545454545453,302
Avesh Khan,75,94,2497,8.89667458432304,26.56382978723404,17.914893617021278,1684
DS Rathi,13,14,435,8.130841121495328,31.071428571428573,22.928571428571427,321
PVD Chameera,19,15,640,9.411764705882353,42.666666666666664,27.2,408
M Tiwari,1,0,14,14.0,0.0,0.0,6
DJ Bravo,158,207,4436,8.075242718446603,21.429951690821255,15.922705314009661,3296
DS Kulkarni,92,91,2513,8.037313432835822,27.615384615384617,20.615384615384617,1876
DJ Thornely,4,3,40,5.454545454545454,13.333333333333334,14.666666666666666,44
MS Gony,44,39,1317,8.542702702702702,33.76923076923077,23.71794871794872,925
L Balaji,73,85,2083,7.940279542566708,24.50588235294118,18.51764705882353,1574
Joginder Sharma,15,13,421,9.286764705882353,32.38461538461539,20.923076923076923,272
M Muralitharan,66,67,1765,6.698292220113853,26.34328358208955,23.597014925373134,1581
CK Kapugedera,3,0,49,17.294117647058822,0.0,0.0,17
A Nortje,48,63,1701,8.936952714535902,27.0,18.126984126984127,1142
Mukesh Kumar,32,45,1118,9.937777777777779,24.844444444444445,15.0,675
AJ Hosein,1,1,41,10.25,41.0,24.0,24
M Markande,37,37,1081,8.800542740841248,29.216216216216218,19.91891891891892,737
RN ten Doeschate,10,3,94,6.795180722891567,31.333333333333332,27.666666666666668,83
MG Johnson,54,66,1740,8.024596464258263,26.363636363636363,19.71212121212121,1301
P Awana,33,43,1046,8.108527131782946,24.325581395348838,18.0,774
R Dhawan,36,27,922,7.982683982683984,34.148148148148145,25.666666666666668,693
Shahbaz Ahmed,45,22,953,9.451239669421486,43.31818181818182,27.5,605
PWH de Silva,37,47,1134,8.42079207920792,24.127659574468087,17.19148936170213,808
Mukesh Choudhary,16,17,523,9.395209580838323,30.764705882352942,19.647058823529413,334
M Theekshana,38,36,1226,8.15521064301552,34.05555555555556,25.055555555555557,902
CJ Jordan,34,36,1111,9.297071129707113,30.86111111111111,19.916666666666668,717
PP Ojha,90,99,2399,7.40051413881748,24.232323232323232,19.646464646464647,1945
Harmeet Singh,28,31,747,7.80836236933798,24.096774193548388,18.516129032258064,574
DE Bollinger,27,43,716,7.16,16.651162790697676,13.953488372093023,600
R Ashwin,217,205,5721,7.051355792933443,27.90731707317073,23.746341463414634,4868
S Randiv,8,8,223,7.433333333333334,27.875,22.5,180
SB Jakati,57,50,1474,8.032697547683924,29.48,22.02,1101
JO Holder,46,59,1489,8.516682554814109,25.23728813559322,17.779661016949152,1049
Yudhvir Singh,9,8,257,10.63448275862069,32.125,18.125,145
J Theron,10,13,311,7.940425531914894,23.923076923076923,18.076923076923077,235
STR Binny,63,28,763,7.4926350245499185,27.25,21.821428571428573,611
Ankit Sharma,21,12,453,7.247999999999999,37.75,31.25,375
MJ McClenaghan,56,75,1839,8.197622585438335,24.52,17.946666666666665,1346
C de Grandhomme,19,7,323,8.42608695652174,46.142857142857146,32.857142857142854,230
S Lamichhane,9,14,297,8.445497630331754,21.214285714285715,15.071428571428571,211
CJ Dala,1,0,34,10.736842105263158,0.0,0.0,19
JW Hastings,3,3,66,6.491803278688526,22.0,20.333333333333332,61
D Wiese,15,17,447,8.73615635179153,26.294117647058822,18.058823529411764,307
V Kohli,26,5,371,8.431818181818182,74.2,52.8,264
KW Richardson,15,21,479,8.330434782608695,22.80952380952381,16.428571428571427,345
Parvez Rasool,11,4,273,8.19,68.25,50.0,200
T Shamsi,5,3,185,9.25,61.666666666666664,40.0,120
Mustafizur Rahman,60,74,1879,7.945031712473573,25.39189189189189,19.175675675675677,1419
BB Sran,24,20,767,8.918604651162791,38.35,25.8,516
MM Patel,63,82,1733,7.523878437047757,21.134146341463413,16.853658536585368,1382
Anand Rajan,8,10,206,7.62962962962963,20.6,16.2,162
CL White,6,1,86,11.217391304347826,86.0,46.0,46
Arshad Khan,18,12,502,10.422145328719722,41.833333333333336,24.083333333333332,289
R Sai Kishore,25,32,655,8.675496688741722,20.46875,14.15625,453
WG Jacks,13,8,221,9.144827586206896,27.625,18.125,145
K Santokie,2,3,91,10.705882352941178,30.333333333333332,17.0,51
S Gopal,51,53,1358,8.148,25.62264150943396,18.867924528301888,1000
BE Hendricks,7,11,239,9.13375796178344,21.727272727272727,14.272727272727273,157
Shivam Sharma,5,4,165,8.68421052631579,41.25,28.5,114
Fazalhaq Farooqi,12,6,440,9.924812030075188,73.33333333333333,44.333333333333336,266
R Shepherd,15,12,416,11.192825112107624,34.666666666666664,18.583333333333332,223
J Overton,3,0,84,12.292682926829269,0.0,0.0,41
Noor Ahmad,37,48,1088,7.893591293833132,22.666666666666668,17.229166666666668,827
M Pathirana,32,53,1047,7.982210927573062,19.754716981132077,14.849056603773585,787
R Sharma,44,42,1100,7.0588235294117645,26.19047619047619,22.261904761904763,935
Swapnil Singh,14,7,241,8.763636363636364,34.42857142857143,23.571428571428573,165
Yash Dayal,43,45,1412,9.208695652173914,31.377777777777776,20.444444444444443,920
C Green,29,20,675,8.766233766233768,33.75,23.1,462
Vijaykumar Vyshak,16,21,577,9.724719101123595,27.476190476190474,16.952380952380953,356
J Little,11,13,341,8.669491525423728,26.23076923076923,18.153846153846153,236
MJ Suthar,1,0,26,13.0,0.0,0.0,12
A Kamboj,11,10,288,8.727272727272727,28.8,19.8,198
L Ngidi,16,32,541,8.323076923076922,16.90625,12.1875,390
Suyash Sharma,27,20,835,8.804920913884008,41.75,28.45,569
Lalit Yadav,19,11,430,8.775510204081634,39.09090909090909,26.727272727272727,294
RP Meredith,18,21,621,8.978313253012049,29.571428571428573,19.761904761904763,415
K Gowtham,35,22,825,8.263772954924875,37.5,27.227272727272727,599
JC Archer,52,61,1655,7.763878029710712,27.131147540983605,20.9672131147541,1279
BA Stokes,38,31,1023,8.489626556016598,33.0,23.322580645161292,723
TU Deshpande,46,55,1617,9.302013422818792,29.4,18.963636363636365,1043
Simarjeet Singh,14,12,411,9.6328125,34.25,21.333333333333332,256
KC Cariappa,11,8,349,9.348214285714285,43.625,28.0,224
CJ Anderson,22,14,525,10.0,37.5,22.5,315
LE Plunkett,7,4,228,8.883116883116884,57.0,38.5,154
CR Woakes,21,31,674,8.734341252699783,21.741935483870968,14.935483870967742,463
LI Meriwala,1,1,32,10.105263157894736,32.0,19.0,19
Jalaj S Saxena,1,0,27,9.0,0.0,0.0,18
JA Richardson,4,3,162,10.340425531914892,54.0,31.333333333333332,94
A Badoni,7,4,50,8.571428571428571,12.5,8.75,35
OC McCoy,8,11,255,8.5,23.181818181818183,16.363636363636363,180
C Sakariya,20,20,649,8.129436325678498,32.45,23.95,479
R Tewatia,52,36,1117,7.7390300230946885,31.02777777777778,24.055555555555557,866
WD Parnell,33,40,968,7.6622691292875995,24.2,18.95,758
K Upadhyay,3,0,81,8.678571428571429,0.0,0.0,56
T Thushara,6,10,164,6.833333333333333,16.4,14.4,144
A Flintoff,3,2,106,9.636363636363637,53.0,33.0,66
JDP Oram,14,13,362,8.901639344262295,27.846153846153847,18.76923076923077,244
SK Raina,69,30,1139,7.348387096774193,37.96666666666667,31.0,930
DL Vettori,34,34,894,6.83312101910828,26.294117647058822,23.08823529411765,785
RR Bhatkal,1,0,35,17.5,0.0,0.0,12
AS Rajpoot,29,24,844,8.93121693121693,35.166666666666664,23.625,567
TK Curran,13,13,432,10.285714285714285,33.23076923076923,19.384615384615383,252
AK Markram,19,6,275,8.638743455497382,45.833333333333336,31.833333333333332,191
DP Nannes,29,38,815,7.097242380261249,21.44736842105263,18.13157894736842,689
S Ladda,9,5,225,9.574468085106382,45.0,28.2,141
WPUJC Vaas,13,22,364,7.583333333333333,16.545454545454547,13.090909090909092,288
RG Sharma,32,16,462,7.9426934097421205,28.875,21.8125,349
A Symonds,30,23,694,7.711111111111111,30.17391304347826,23.47826086956522,540
A Singh,23,31,639,7.888888888888889,20.612903225806452,15.67741935483871,486
NLTC Perera,36,37,1031,8.651748251748252,27.864864864864863,19.324324324324323,715
RV Gomez,9,6,130,8.041237113402062,21.666666666666668,16.166666666666668,97
DR Sams,16,15,528,8.143958868894602,35.2,25.933333333333334,389
HR Shokeen,13,5,320,9.014084507042252,64.0,42.6,213
K Kartikeya,16,12,412,8.524137931034483,34.333333333333336,24.166666666666668,290
DJ Mitchell,4,1,97,11.411764705882351,97.0,51.0,51
KR Sen,12,14,396,9.31764705882353,28.285714285714285,18.214285714285715,255
P Suyal,5,2,154,8.635514018691588,77.0,53.5,107
AJ Tye,30,48,1005,8.445378151260504,20.9375,14.875,714
Harshit Rana,32,42,1047,9.251840942562593,24.928571428571427,16.166666666666668,679
VR Iyer,9,3,145,10.357142857142858,48.333333333333336,28.0,84
SS Iyer,1,0,7,7.0,0.0,0.0,6
Bipul Sharma,28,22,581,7.9954128440366965,26.40909090909091,19.818181818181817,436
R McLaren,18,14,558,9.0,39.857142857142854,26.571428571428573,372
AN Ahmed,17,15,515,8.535911602209945,34.333333333333336,24.133333333333333,362
R Sathish,14,6,233,9.708333333333334,38.833333333333336,24.0,144
S Tyagi,14,6,304,8.290909090909091,50.666666666666664,36.666666666666664,220
DP Vijaykumar,9,4,205,7.735849056603773,51.25,39.75,159
SB Styris,11,9,278,7.513513513513514,30.88888888888889,24.666666666666668,222
Shahid Afridi,10,9,237,7.686486486486487,26.333333333333332,20.555555555555557,185
SB Bangar,9,6,221,8.666666666666666,36.833333333333336,25.5,153
M Ntini,9,8,257,7.23943661971831,32.125,26.625,213
Shakib Al Hasan,70,71,1864,7.3821782178217825,26.253521126760564,21.338028169014084,1515
JP Faulkner,60,76,1849,8.620046620046619,24.32894736842105,16.93421052631579,1287
PV Tambe,33,28,866,7.70919881305638,30.928571428571427,24.071428571428573,674
KS Williamson,2,0,31,10.333333333333334,0.0,0.0,18
C Munro,2,0,15,7.5,0.0,0.0,12
E Malinga,7,14,244,8.872727272727273,17.428571428571427,11.785714285714286,165
Zeeshan Ansari,10,8,334,9.588516746411482,41.75,26.125,209
I Udana,10,8,286,9.428571428571429,35.75,22.75,182
Kartik Tyagi,20,16,720,9.432314410480348,45.0,28.625,458
BJ Hodge,20,18,310,7.815126050420169,17.22222222222222,13.222222222222221,238
JL Pattinson,10,11,321,8.675675675675677,29.181818181818183,20.181818181818183,222
A Ashish Reddy,20,19,400,8.88888888888889,21.05263157894737,14.210526315789474,270
V Shankar,22,12,344,8.0,28.666666666666668,21.5,258
DA Warner,1,0,2,6.0,0.0,0.0,2
BAW Mendis,10,9,306,7.403225806451613,34.0,27.555555555555557,248
TL Suman,11,7,198,7.815789473684211,28.285714285714285,21.714285714285715,152
AM Salvi,7,7,205,7.884615384615385,29.285714285714285,22.285714285714285,156
PJ Sangwan,42,44,1267,8.399999999999999,28.795454545454547,20.568181818181817,905
MK Tiwary,6,1,83,11.066666666666666,83.0,45.0,45
AS Joseph,22,22,707,9.343612334801762,32.13636363636363,20.636363636363637,454
JEC Franklin,15,9,225,8.70967741935484,25.0,17.22222222222222,155
MN Samuels,11,10,285,7.808219178082192,28.5,21.9,219
XC Bartlett,4,2,96,9.600000000000001,48.0,30.0,60
N Wadhera,2,0,22,7.764705882352942,0.0,0.0,17
Shoaib Ahmed,7,5,154,8.970873786407767,30.8,20.6,103
RR Powar,26,15,538,7.28668171557562,35.86666666666667,29.533333333333335,443
Gagandeep Singh,4,3,142,10.142857142857142,47.333333333333336,28.0,84
Y Venugopal Rao,20,7,338,9.135135135135135,48.285714285714285,31.714285714285715,222
Mujeeb Ur Rahman,20,21,626,8.07741935483871,29.80952380952381,22.142857142857142,465
ND Doshi,4,2,79,8.31578947368421,39.5,28.5,57
AL Menaria,12,3,144,7.646017699115044,48.0,37.666666666666664,113
KP Pietersen,13,9,218,7.266666666666666,24.22222222222222,20.0,180
V Sehwag,15,6,236,10.26086956521739,39.333333333333336,23.0,138
AC Thomas,15,16,416,7.63302752293578,26.0,20.4375,327
JD Ryder,16,11,314,7.817427385892117,28.545454545454547,21.90909090909091,241
SC Ganguly,20,12,370,7.928571428571429,30.833333333333332,23.333333333333332,280
GH Vihari,6,1,48,6.697674418604651,48.0,43.0,43
B Laughlin,9,10,284,9.5195530726257,28.4,17.9,179
Jaskaran Singh,7,6,174,9.405405405405405,29.0,18.5,111
CK Langeveldt,7,13,199,7.236363636363636,15.307692307692308,12.692307692307692,165
GHS Garton,5,3,136,8.412371134020617,45.333333333333336,32.333333333333336,97
MK Lomror,11,2,127,8.106382978723403,63.5,47.0,94
R Parag,30,9,478,9.281553398058254,53.111111111111114,34.333333333333336,309
MG Neser,1,0,62,14.879999999999999,0.0,0.0,25
RS Bopara,14,13,301,8.47887323943662,23.153846153846153,16.384615384615383,213
SA Abbott,3,1,104,10.576271186440678,104.0,59.0,59
S Kaul,55,63,1772,8.588045234248789,28.126984126984127,19.650793650793652,1238
S Badree,12,11,329,7.505703422053232,29.90909090909091,23.90909090909091,263
S Rana,3,0,18,6.75,0.0,0.0,16
SM Boland,2,3,56,7.813953488372094,18.666666666666668,14.333333333333334,43
CR Brathwaite,16,16,384,8.661654135338345,24.0,16.625,266
IS Sodhi,8,9,204,6.725274725274725,22.666666666666668,20.22222222222222,182
DJ Willey,11,7,277,7.520361990950226,39.57142857142857,31.571428571428573,221
Rasikh Salam,13,10,412,10.089795918367347,41.2,24.5,245
R Powell,2,1,35,10.0,35.0,21.0,21
KJ Abbott,5,2,182,10.705882352941178,91.0,51.0,102
L Ablish,3,5,76,10.133333333333333,15.2,9.0,45
S Aravind,38,48,1057,8.048223350253807,22.020833333333332,16.416666666666668,788
A Mithun,16,8,477,9.173076923076923,59.625,39.0,312
JP Behrendorff,17,22,563,8.91292875989446,25.59090909090909,17.227272727272727,379
Akash Madhwal,17,26,598,9.542553191489361,23.0,14.461538461538462,376
S Sandeep Warrier,10,8,257,8.761363636363637,32.125,22.0,176
TM Dilshan,25,5,368,8.02909090909091,73.6,55.0,275
P Parameswaran,8,9,226,8.528301886792452,25.11111111111111,17.666666666666668,159
BCJ Cutting,17,12,430,8.958333333333334,35.833333333333336,24.0,288
JE Taylor,5,6,167,8.213114754098362,27.833333333333332,20.333333333333332,122
Kamran Khan,9,14,248,8.406779661016948,17.714285714285715,12.642857142857142,177
M Manhas,3,0,42,6.0,0.0,0.0,42
J Syed Mohammad,11,10,286,8.755102040816325,28.6,19.6,196
JPR Scantlebury-Searles,3,2,89,11.866666666666667,44.5,22.5,45
O Thomas,4,5,85,8.095238095238095,17.0,12.6,63
Y Prithvi Raj,2,1,57,10.363636363636363,57.0,33.0,33
M de Lange,5,6,171,8.844827586206897,28.5,19.333333333333332,116
V Nigam,13,12,361,8.87704918032787,30.083333333333332,20.333333333333332,244
Anureet Singh,22,21,636,8.874418604651163,30.285714285714285,20.476190476190474,430
AD Mascarenhas,13,19,365,7.064516129032258,19.210526315789473,16.31578947368421,310
A Kumble,42,49,1089,6.646998982706002,22.224489795918366,20.06122448979592,983
B Akhil,13,7,246,7.647668393782384,35.142857142857146,27.571428571428573,193
BW Hilfenhaus,17,23,497,7.646153846153846,21.608695652173914,16.956521739130434,390
LB Williams,2,1,74,10.571428571428571,74.0,42.0,42
P Amarnath,6,7,241,10.954545454545453,34.42857142857143,18.857142857142858,132
RJW Topley,6,5,222,10.656,44.4,25.0,125
Mayank Dagar,8,2,205,8.91304347826087,102.5,69.0,138
M Siddharth,5,3,140,8.316831683168317,46.666666666666664,33.666666666666664,101
Yash Thakur,21,28,782,9.877894736842105,27.928571428571427,16.964285714285715,475
Sikandar Raza,7,3,146,9.954545454545455,48.666666666666664,29.333333333333332,88
Akash Singh,10,9,326,9.403846153846153,36.22222222222222,23.11111111111111,208
Azmatullah Omarzai,15,12,476,9.52,39.666666666666664,25.0,300
Musheer Khan,1,1,27,13.5,27.0,12.0,12
M Shahrukh Khan,3,1,29,9.666666666666668,29.0,18.0,18
R Goyal,1,0,34,8.5,0.0,0.0,24
T Stubbs,5,4,69,11.18918918918919,17.25,9.25,37
L Wood,2,1,94,14.842105263157896,94.0,38.0,38
SZ Mulani,2,0,57,10.363636363636363,0.0,0.0,33
Naman Dhir,5,1,76,8.60377358490566,76.0,53.0,53
SH Johnson,9,5,289,10.08139534883721,57.8,34.4,172
PM Sarvesh Kumar,2,1,42,8.129032258064516,42.0,31.0,31
AA Chavan,13,8,339,7.976470588235294,42.375,31.875,255
S Dhawan,6,4,72,8.816326530612246,18.0,12.25,49
C Nanda,3,2,58,6.959999999999999,29.0,25.0,50
SR Tendulkar,4,0,59,9.567567567567567,0.0,0.0,37
Harsh Dubey,3,5,98,9.639344262295083,19.6,12.2,61
Nithish Kumar Reddy,12,8,255,10.06578947368421,31.875,19.0,152
W O'Rourke,3,6,132,12.375,22.0,10.666666666666666,64
VS Malik,13,6,268,7.584905660377358,44.666666666666664,35.333333333333336,212
YA Abdulla,11,15,311,8.405405405405405,20.733333333333334,14.8,222
K Goel,6,0,94,8.417910447761194,0.0,0.0,67
WA Mota,7,4,98,7.84,24.5,18.75,75
R Ravindra,2,0,7,3.5,0.0,0.0,12
Sunny Gupta,1,0,47,14.842105263157896,0.0,0.0,19
I Malhotra,1,0,23,23.0,0.0,0.0,6
B Chipli,1,0,20,20.0,0.0,0.0,6
KR Mayers,6,0,59,7.695652173913043,0.0,0.0,46
B Geeves,2,2,91,11.142857142857142,45.5,24.5,49
D Salunkhe,5,1,80,9.411764705882353,80.0,51.0,51
Vivrant Sharma,2,0,37,10.571428571428571,0.0,0.0,21
S Kaushik,10,6,304,8.685714285714285,50.666666666666664,35.0,210
Gurkeerat Singh,6,5,97,7.097560975609756,19.4,16.4,82
K Yadav,3,2,85,9.444444444444445,42.5,27.0,54
KAJ Roach,2,0,80,9.230769230769232,0.0,0.0,52
AC Voges,7,1,76,8.142857142857142,76.0,56.0,56
GS Sandhu,2,1,86,10.75,86.0,48.0,48
AB McDonald,10,14,263,8.393617021276597,18.785714285714285,13.428571428571429,188
SB Wagh,8,5,147,8.166666666666668,29.4,21.6,108
NJ Rimmington,1,0,20,6.666666666666667,0.0,0.0,18
Arjun Tendulkar,5,4,117,8.457831325301205,29.25,20.75,83
D Jansen,1,1,53,11.357142857142858,53.0,28.0,28
MJ Henry,6,3,183,10.457142857142857,61.0,35.0,105
K Khejroliya,8,6,250,10.135135135135135,41.666666666666664,24.666666666666668,148
Basil Thampi,25,26,862,9.595547309833023,33.15384615384615,20.73076923076923,539
GC Viljoen,6,8,229,9.41095890410959,28.625,18.25,146
KMA Paul,8,10,239,7.966666666666667,23.9,18.0,180
SS Agarwal,1,1,42,10.5,42.0,24.0,24
NB Singh,2,1,18,4.32,18.0,25.0,25
TM Head,6,3,113,11.689655172413794,37.666666666666664,19.333333333333332,58
Karanveer Singh,9,14,323,9.098591549295774,23.071428571428573,15.214285714285714,213
KP Appanna,13,11,291,7.864864864864865,26.454545454545453,20.181818181818183,222
DG Nalkande,6,6,150,10.112359550561797,25.0,14.833333333333334,89
V Pratap Singh,9,12,300,8.530805687203792,25.0,17.583333333333332,211
C Ganapathy,1,0,13,13.0,0.0,0.0,6
SE Rutherford,6,1,60,7.826086956521739,60.0,46.0,46
AA Jhunjhunwala,10,1,130,8.863636363636363,130.0,88.0,88
MJ Clarke,5,3,72,6.545454545454545,24.0,22.0,66
Ankit Soni,6,4,145,7.767857142857143,36.25,28.0,112
SMSM Senanayake,8,9,211,6.492307692307692,23.444444444444443,21.666666666666668,195
Azhar Mahmood,23,31,707,7.684782608695652,22.806451612903224,17.806451612903224,552
P Dubey,5,2,112,8.50632911392405,56.0,39.5,79
AU Rashid,3,2,91,9.1,45.5,30.0,60
FH Edwards,6,6,160,6.4,26.666666666666668,25.0,150
KT Maphaka,4,2,148,12.507042253521126,74.0,35.5,71
PD Collingwood,6,5,101,6.733333333333333,20.2,18.0,90
Sumit Kumar,2,0,38,10.363636363636363,0.0,0.0,22
HF Gurney,8,7,239,8.485207100591715,34.142857142857146,24.142857142857142,169
S Midhun,1,0,29,13.384615384615385,0.0,0.0,13
RE van der Merwe,21,25,515,6.791208791208791,20.6,18.2,455
N Burger,5,7,152,8.685714285714285,21.714285714285715,15.0,105
A Chandila,12,11,245,6.282051282051283,22.272727272727273,21.272727272727273,234
GR Napier,1,1,28,7.0,28.0,24.0,24
BA Bhatt,15,13,408,8.07920792079208,31.384615384615383,23.307692307692307,303
MG Bracewell,5,6,95,8.636363636363637,15.833333333333334,11.0,66
C Bosch,2,1,56,7.466666666666667,56.0,45.0,45
GD Phillips,4,2,40,7.741935483870968,20.0,15.5,31
Shoaib Akhtar,3,5,54,7.043478260869566,10.8,9.2,46
P Sahu,5,3,152,8.523364485981308,50.666666666666664,35.666666666666664,107
TP Sudhindra,3,1,137,11.108108108108109,137.0,74.0,74
DB Ravi Teja,2,1,28,9.333333333333334,28.0,18.0,18
S Narwal,6,6,203,10.778761061946902,33.833333333333336,18.833333333333332,113
DJ Muthuswami,6,4,108,7.714285714285715,27.0,21.0,84
D Pretorius,7,7,242,8.746987951807228,34.57142857142857,23.714285714285715,166
AUK Pathan,3,0,63,9.21951219512195,0.0,0.0,41
D Brevis,1,1,8,16.0,8.0,3.0,3
AS Roy,10,8,218,7.832335329341317,27.25,20.875,167
A Choudhary,5,5,144,8.0,28.8,21.6,108
Abdul Samad,6,2,119,12.526315789473683,59.5,28.5,57
Prince Yadav,6,5,226,9.416666666666666,45.2,28.8,144
Ishan Kishan,1,0,4,24.0,0.0,0.0,1
Mohammad Hafeez,4,2,71,6.761904761904762,35.5,31.5,63
Umar Gul,6,14,198,7.764705882352942,14.142857142857142,10.928571428571429,153
SE Bond,8,9,225,7.068062827225131,25.0,21.22222222222222,191
IC Porel,1,1,42,9.692307692307693,42.0,26.0,26
PHKD Mendis,4,2,60,8.571428571428571,30.0,21.0,42
PWA Mulder,1,0,16,16.0,0.0,0.0,6
RG More,2,1,63,10.216216216216216,63.0,37.0,37
KM Asif,7,7,232,9.734265734265733,33.142857142857146,20.428571428571427,143
NA Saini,1,0,35,14.0,0.0,0.0,15
SB Joshi,4,1,82,8.945454545454545,82.0,55.0,55
V Viyaskanth,3,1,90,9.0,90.0,60.0,60
Shashank Singh,4,1,52,10.064516129032258,52.0,31.0,31
Atharva Taide,1,0,4,24.0,0.0,0.0,1
KMDN Kulasekara,5,6,122,6.841121495327102,20.333333333333332,17.833333333333332,107
Tilak Varma,4,0,28,7.304347826086957,0.0,0.0,23
YBK Jaiswal,1,0,6,36.0,0.0,0.0,1
AS Raut,5,0,45,9.0,0.0,0.0,30
Sachin Baby,2,3,8,4.800000000000001,2.6666666666666665,3.3333333333333335,10
PVSN Raju,2,2,54,11.172413793103448,27.0,14.5,29
V Kaverappa,1,2,36,9.0,18.0,12.0,24
RA Shaikh,1,0,11,11.0,0.0,0.0,6
S Sriram,2,0,49,16.333333333333336,0.0,0.0,18
JM Kemp,5,3,58,7.404255319148936,19.333333333333332,15.666666666666666,47
BJ Rohrer,1,0,12,10.285714285714285,0.0,0.0,7
MA Wood,5,11,192,9.070866141732283,17.454545454545453,11.545454545454545,127
RS Hangargekar,2,3,60,8.372093023255815,20.0,14.333333333333334,43
SM Harwood,3,3,74,6.6268656716417915,24.666666666666668,22.333333333333332,67
DJM Short,2,1,23,7.666666666666666,23.0,18.0,18
M Vijay,4,0,49,7.945945945945946,0.0,0.0,37
D Kalyankrishna,3,2,88,10.56,44.0,25.0,50
Mohit Rathee,1,0,29,14.5,0.0,0.0,12
SC Kuggeleijn,2,2,71,8.52,35.5,25.0,50
SS Sarkar,2,1,34,8.16,34.0,25.0,25
T Henderson,2,1,41,6.833333333333333,41.0,36.0,36
Tejas Baroka,1,0,33,9.428571428571429,0.0,0.0,21
H Sharma,2,0,62,12.400000000000002,0.0,0.0,30
Ramandeep Singh,4,6,64,8.533333333333333,10.666666666666666,7.5,45
MW Short,3,0,25,6.0,0.0,0.0,25
DJ Harris,2,0,26,8.666666666666666,0.0,0.0,18
F du Plessis,1,0,16,16.0,0.0,0.0,6
SPD Smith,1,0,5,15.0,0.0,0.0,2
P Ray Barman,1,0,56,14.0,0.0,0.0,24
Abdur Razzak,1,0,29,12.42857142857143,0.0,0.0,14
FY Fazal,2,1,20,10.0,20.0,12.0,12
PH Solanki,2,2,39,6.5,19.5,18.0,36
A Dananjaya,1,0,47,11.28,0.0,0.0,25
AP Dole,3,5,114,9.36986301369863,22.8,14.6,73
MB Parmar,1,0,33,10.421052631578949,0.0,0.0,19
NL McCullum,2,0,35,7.0,0.0,0.0,30
P Prasanth,1,0,18,18.0,0.0,0.0,6
Y Gnaneswara Rao,1,0,7,7.0,0.0,0.0,6
RJ Gleeson,3,2,111,9.123287671232877,55.5,36.5,73
SN Khan,1,0,6,18.0,0.0,0.0,2
VS Yeligati,2,0,61,11.4375,0.0,0.0,32
SD Chitnis,2,2,62,9.789473684210526,31.0,19.0,38
AA Noffke,1,1,41,9.84,41.0,25.0,25
DNT Zoysa,3,2,100,8.695652173913043,50.0,34.5,69
RR Bose,1,0,24,12.0,0.0,0.0,12
LA Carseldine,1,1,6,5.142857142857142,6.0,7.0,7
D du Preez,2,4,56,7.813953488372094,14.0,10.75,43
LRPL Taylor,2,0,24,11.076923076923077,0.0,0.0,13
RV Patel,1,0,22,6.6000000000000005,0.0,0.0,20
Karim Janat,1,0,30,30.0,0.0,0.0,6
LMP Simmons,1,1,34,11.333333333333332,34.0,18.0,18
MA Khote,2,2,52,10.4,26.0,15.0,30
RA Tripathi,1,0,12,12.0,0.0,0.0,6
BMAJ Mendis,2,1,36,7.199999999999999,36.0,30.0,30
RS Gavaskar,1,0,8,8.0,0.0,0.0,6
RW Price,1,0,33,11.0,0.0,0.0,18
JJ van der Wath,3,3,134,10.578947368421051,44.666666666666664,25.333333333333332,76
R Ninan,2,3,65,10.833333333333334,21.666666666666668,12.0,36
CJ McKay,2,1,60,8.571428571428571,60.0,42.0,42
KA Maharaj,2,2,39,6.5,19.5,18.0,36
A Uniyal,2,3,67,10.578947368421051,22.333333333333332,12.666666666666666,38
SA Yadav,1,0,8,8.0,0.0,0.0,6
Gurnoor Brar,1,0,42,12.0,0.0,0.0,21
Mandeep Singh,2,0,26,13.0,0.0,0.0,12
S Vidyut,1,1,22,10.153846153846153,22.0,13.0,13
LPC Silva,1,0,21,21.0,0.0,0.0,6
Aman Hakim Khan,1,0,13,13.0,0.0,0.0,6
A Nel,1,1,31,10.333333333333334,31.0,18.0,18
AC Gilchrist,1,1,0,0.0,0.0,1.0,1
R Sanjay Yadav,1,0,23,9.857142857142858,0.0,0.0,14
JE Root,1,0,15,7.5,0.0,0.0,12
AA Kazi,1,1,21,9.692307692307693,21.0,13.0,13
Suryansh Shedge,1,0,40,12.631578947368421,0.0,0.0,19
DAJ Bracewell,1,3,32,7.68,10.666666666666666,8.333333333333334,25
AM Rahane,1,1,5,5.0,5.0,6.0,6
S Joseph,1,0,51,10.2,0.0,0.0,30
Arshad Khan (2),1,0,25,11.538461538461538,0.0,0.0,13
SS Mundhe,1,1,6,5.142857142857142,6.0,7.0,7
SSB Magala,2,1,52,8.432432432432433,52.0,37.0,37
Gulbadin Naib,1,0,12,12.0,0.0,0.0,6
CJ Green,1,0,24,8.470588235294118,0.0,0.0,17
Mashrafe Mortaza,1,1,59,12.642857142857142,59.0,28.0,28
